component	source_file	stored_file	sha256	provenance
@oxc-project/runtime@0.148.0	OXC-RUNTIME-LICENSE.txt	files/95ced5ecf1133fbf41d409b5555c86c344f83f3b019926057ddbc07cfdcc27b3-OXC-RUNTIME-LICENSE.txt	95ced5ecf1133fbf41d409b5555c86c344f83f3b019926057ddbc07cfdcc27b3	Original locked package license; actual retained generated frontend module evidence
@tauri-apps/api@2.11.0	LICENSE_APACHE-2.0	files/0d542e0c8804e39aa7f37eb00da5a762149dc682d7829451287e11b938e94594-LICENSE-APACHE	0d542e0c8804e39aa7f37eb00da5a762149dc682d7829451287e11b938e94594	Exact crate/package file or exact upstream commit evidence
@tauri-apps/api@2.11.0	LICENSE_MIT	files/9dd42ea92cff2ede5cd477cbfcce051b2d0115c0ac7f368ee88cb545055dff1d-LICENSE_MIT	9dd42ea92cff2ede5cd477cbfcce051b2d0115c0ac7f368ee88cb545055dff1d	Exact crate/package file or exact upstream commit evidence
ahash@0.8.12	LICENSE-APACHE	files/a60eea817514531668d7e00765731449fe14d059d3249e0bc93b36de45f759f2-LICENSE-APACHE	a60eea817514531668d7e00765731449fe14d059d3249e0bc93b36de45f759f2	Exact crate/package file or exact upstream commit evidence
ahash@0.8.12	LICENSE-MIT	files/0444c6991eead6822f7b9102e654448d51624431119546492e8b231db42c48bb-LICENSE-MIT	0444c6991eead6822f7b9102e654448d51624431119546492e8b231db42c48bb	Exact crate/package file or exact upstream commit evidence
aho-corasick@1.1.5	COPYING	files/01c266bced4a434da0051174d6bee16a4c82cf634e2679b6155d40d75012390f-COPYING	01c266bced4a434da0051174d6bee16a4c82cf634e2679b6155d40d75012390f	Exact crate/package file or exact upstream commit evidence
aho-corasick@1.1.5	LICENSE-MIT	files/0f96a83840e146e43c0ec96a22ec1f392e0680e6c1226e6f3ba87e0740af850f-LICENSE-MIT	0f96a83840e146e43c0ec96a22ec1f392e0680e6c1226e6f3ba87e0740af850f	Exact crate/package file or exact upstream commit evidence
alloc-no-stdlib@2.0.4	LICENSE	files/c0c56f26d9c051cac4d200c34c84e7ae9aaa853e01a982a1df08b09931e518ae-LICENSE	c0c56f26d9c051cac4d200c34c84e7ae9aaa853e01a982a1df08b09931e518ae	Exact locked crate/package file; private final PDB source/inline provenance; LF text
alloc-stdlib@0.2.4	LICENSE	files/c0c56f26d9c051cac4d200c34c84e7ae9aaa853e01a982a1df08b09931e518ae-LICENSE	c0c56f26d9c051cac4d200c34c84e7ae9aaa853e01a982a1df08b09931e518ae	Exact shared upstream project license at ae42d22078b98549e987d2f03d12df7b984fde47; LF text
allocator-api2@0.2.21	LICENSE-APACHE	files/62c7a1e35f56406896d7aa7ca52d0cc0d272ac022b5d2796e7d6905db8a3636a-LICENSE-APACHE	62c7a1e35f56406896d7aa7ca52d0cc0d272ac022b5d2796e7d6905db8a3636a	Exact locked crate/package file; private final PDB source/inline provenance; LF text
allocator-api2@0.2.21	LICENSE-MIT	files/23f18e03dc49df91622fe2a76176497404e46ced8a715d9d2b67a7446571cca3-LICENSE-MIT	23f18e03dc49df91622fe2a76176497404e46ced8a715d9d2b67a7446571cca3	Exact locked crate/package file; private final PDB source/inline provenance; LF text
anyhow@1.0.104	LICENSE-APACHE	files/62c7a1e35f56406896d7aa7ca52d0cc0d272ac022b5d2796e7d6905db8a3636a-LICENSE-APACHE	62c7a1e35f56406896d7aa7ca52d0cc0d272ac022b5d2796e7d6905db8a3636a	Exact crate/package file or exact upstream commit evidence
anyhow@1.0.104	LICENSE-MIT	files/23f18e03dc49df91622fe2a76176497404e46ced8a715d9d2b67a7446571cca3-LICENSE-MIT	23f18e03dc49df91622fe2a76176497404e46ced8a715d9d2b67a7446571cca3	Exact crate/package file or exact upstream commit evidence
atomic-waker@1.1.2	LICENSE-APACHE	files/a60eea817514531668d7e00765731449fe14d059d3249e0bc93b36de45f759f2-LICENSE-APACHE	a60eea817514531668d7e00765731449fe14d059d3249e0bc93b36de45f759f2	Exact crate/package file or exact upstream commit evidence
atomic-waker@1.1.2	LICENSE-MIT	files/23f18e03dc49df91622fe2a76176497404e46ced8a715d9d2b67a7446571cca3-LICENSE-MIT	23f18e03dc49df91622fe2a76176497404e46ced8a715d9d2b67a7446571cca3	Exact crate/package file or exact upstream commit evidence
atomic-waker@1.1.2	LICENSE-THIRD-PARTY	files/6226d0632e2e1a80c23597e964da9812ae193c535fe058154afb034e94167aa5-LICENSE-THIRD-PARTY	6226d0632e2e1a80c23597e964da9812ae193c535fe058154afb034e94167aa5	Exact crate/package file or exact upstream commit evidence
AWS-LC native code@aws-lc-sys 0.45.0 package payload	LICENSE	files/728536b4160e051f86d7c9c388f704866b3d512cd7df97ac3516c65279523c4e-LICENSE	728536b4160e051f86d7c9c388f704866b3d512cd7df97ac3516c65279523c4e	Exact aws-lc-sys 0.45.0 crate payload
aws-lc-rs@1.18.1	LICENSE	files/b50b376e7d24a0598488b730c3034ffcd0b58dd36c0913a24b9903a3cfd04bf7-LICENSE	b50b376e7d24a0598488b730c3034ffcd0b58dd36c0913a24b9903a3cfd04bf7	Exact crate/package file or exact upstream commit evidence
aws-lc-sys@0.45.0	LICENSE	files/728536b4160e051f86d7c9c388f704866b3d512cd7df97ac3516c65279523c4e-LICENSE	728536b4160e051f86d7c9c388f704866b3d512cd7df97ac3516c65279523c4e	Exact crate/package file or exact upstream commit evidence
Babel runtime helper origin@upstream patch unpublished	BABEL-RUNTIME-MIT-LICENSE.txt	files/117da2af0d4ce0fe1c8e19b5cff9dcd806adf973d328d27b11d4448c4ff24f76-BABEL-RUNTIME-MIT-LICENSE.txt	117da2af0d4ce0fe1c8e19b5cff9dcd806adf973d328d27b11d4448c4ff24f76	Original Babel MIT license from official v7.28.4 tag; attribution required by OXC runtime package README; no code patch version inferred
base64@0.22.1	LICENSE-APACHE	files/a60eea817514531668d7e00765731449fe14d059d3249e0bc93b36de45f759f2-LICENSE-APACHE	a60eea817514531668d7e00765731449fe14d059d3249e0bc93b36de45f759f2	Exact crate/package file or exact upstream commit evidence
base64@0.22.1	LICENSE-MIT	files/0dd882e53de11566d50f8e8e2d5a651bcf3fabee4987d70f306233cf39094ba7-LICENSE-MIT	0dd882e53de11566d50f8e8e2d5a651bcf3fabee4987d70f306233cf39094ba7	Exact crate/package file or exact upstream commit evidence
bit-set@0.8.0	LICENSE-APACHE	files/8173d5c29b4f956d532781d2b86e4e30f83e6b7878dce18c919451d6ba707c90-LICENSE-APACHE	8173d5c29b4f956d532781d2b86e4e30f83e6b7878dce18c919451d6ba707c90	Exact locked crate/package file; LF text
bit-set@0.8.0	LICENSE-MIT	files/f51ac2c59a222f7476ce507ca879960e2b64ea64bb2786eefdbeb7b0b538d1b7-LICENSE-MIT	f51ac2c59a222f7476ce507ca879960e2b64ea64bb2786eefdbeb7b0b538d1b7	Exact locked crate/package file; LF text
bit-vec@0.8.0	LICENSE-APACHE	files/8173d5c29b4f956d532781d2b86e4e30f83e6b7878dce18c919451d6ba707c90-LICENSE-APACHE	8173d5c29b4f956d532781d2b86e4e30f83e6b7878dce18c919451d6ba707c90	Exact crate/package file or exact upstream commit evidence
bit-vec@0.8.0	LICENSE-MIT	files/f51ac2c59a222f7476ce507ca879960e2b64ea64bb2786eefdbeb7b0b538d1b7-LICENSE-MIT	f51ac2c59a222f7476ce507ca879960e2b64ea64bb2786eefdbeb7b0b538d1b7	Exact crate/package file or exact upstream commit evidence
bitflags@2.13.1	LICENSE-APACHE	files/a60eea817514531668d7e00765731449fe14d059d3249e0bc93b36de45f759f2-LICENSE-APACHE	a60eea817514531668d7e00765731449fe14d059d3249e0bc93b36de45f759f2	Exact crate/package file or exact upstream commit evidence
bitflags@2.13.1	LICENSE-MIT	files/6485b8ed310d3f0340bf1ad1f47645069ce4069dcc6bb46c7d5c6faf41de1fdb-LICENSE-MIT	6485b8ed310d3f0340bf1ad1f47645069ce4069dcc6bb46c7d5c6faf41de1fdb	Exact crate/package file or exact upstream commit evidence
block-buffer@0.10.4	LICENSE-APACHE	files/a9040321c3712d8fd0b09cf52b17445de04a23a10165049ae187cd39e5c86be5-LICENSE-APACHE	a9040321c3712d8fd0b09cf52b17445de04a23a10165049ae187cd39e5c86be5	Exact locked crate/package file; private final PDB source/inline provenance; LF text
block-buffer@0.10.4	LICENSE-MIT	files/d5c22aa3118d240e877ad41c5d9fa232f9c77d757d4aac0c2f943afc0a95e0ef-LICENSE-MIT	d5c22aa3118d240e877ad41c5d9fa232f9c77d757d4aac0c2f943afc0a95e0ef	Exact locked crate/package file; private final PDB source/inline provenance; LF text
block2@0.6.2	LICENSE.md	files/7f976f7e9cb2d87df7230606feb932c3f21ac0e664045a775b600046ff850c54-LICENSE.md	7f976f7e9cb2d87df7230606feb932c3f21ac0e664045a775b600046ff850c54	Exact crate/package file or exact upstream commit evidence
borrow-or-share@0.2.4	LICENSE	files/fdef904ef5d29e4d567d791b7934adb119a0fda3e31d3a10e004c7605506bd46-LICENSE	fdef904ef5d29e4d567d791b7934adb119a0fda3e31d3a10e004c7605506bd46	Exact locked crate/package file; private final PDB source/inline provenance; LF text
brotli-decompressor@5.0.3	LICENSE	files/c0c56f26d9c051cac4d200c34c84e7ae9aaa853e01a982a1df08b09931e518ae-LICENSE	c0c56f26d9c051cac4d200c34c84e7ae9aaa853e01a982a1df08b09931e518ae	Exact crate/package file or exact upstream commit evidence
bytecount@0.6.9	LICENSE.Apache2	files/b40930bbcf80744c86c46a12bc9da056641d722716c378f5659b9e555ef833e1-LICENSE.Apache2	b40930bbcf80744c86c46a12bc9da056641d722716c378f5659b9e555ef833e1	Exact crate/package file or exact upstream commit evidence
bytecount@0.6.9	LICENSE.MIT	files/a5dea80c1f383cb5f80a6bb0da5e55a2beb9f24adb123ce6300af2cbaaa3bf65-LICENSE.MIT	a5dea80c1f383cb5f80a6bb0da5e55a2beb9f24adb123ce6300af2cbaaa3bf65	Exact crate/package file or exact upstream commit evidence
bytemuck@1.25.2	LICENSE-APACHE	files/e3ba223bb1423f0aad8c3dfce0fe3148db48926d41e6fbc3afbbf5ff9e1c89cb-LICENSE-APACHE	e3ba223bb1423f0aad8c3dfce0fe3148db48926d41e6fbc3afbbf5ff9e1c89cb	Exact locked crate/package file; private final PDB source/inline provenance; LF text
bytemuck@1.25.2	LICENSE-MIT	files/9df9ba60a11af705f2e451b53762686e615d86f76b169cf075c3237730dbd7e2-LICENSE-MIT	9df9ba60a11af705f2e451b53762686e615d86f76b169cf075c3237730dbd7e2	Exact locked crate/package file; private final PDB source/inline provenance; LF text
bytemuck@1.25.2	LICENSE-ZLIB	files/84b34dd7608f7fb9b17bd588a6bf392bf7de504e2716f024a77d89f1b145a151-LICENSE-ZLIB	84b34dd7608f7fb9b17bd588a6bf392bf7de504e2716f024a77d89f1b145a151	Exact locked crate/package file; private final PDB source/inline provenance; LF text
byteorder-lite@0.1.0	LICENSE-MIT	files/0f96a83840e146e43c0ec96a22ec1f392e0680e6c1226e6f3ba87e0740af850f-LICENSE-MIT	0f96a83840e146e43c0ec96a22ec1f392e0680e6c1226e6f3ba87e0740af850f	Exact crate package file; MIT option selected from Unlicense OR MIT
byteorder@1.5.0	COPYING	files/01c266bced4a434da0051174d6bee16a4c82cf634e2679b6155d40d75012390f-COPYING	01c266bced4a434da0051174d6bee16a4c82cf634e2679b6155d40d75012390f	Exact locked crate/package file; private final PDB source/inline provenance; LF text
byteorder@1.5.0	LICENSE-MIT	files/0f96a83840e146e43c0ec96a22ec1f392e0680e6c1226e6f3ba87e0740af850f-LICENSE-MIT	0f96a83840e146e43c0ec96a22ec1f392e0680e6c1226e6f3ba87e0740af850f	Exact locked crate/package file; private final PDB source/inline provenance; LF text
bytes@1.12.1	LICENSE	files/45f522cacecb1023856e46df79ca625dfc550c94910078bd8aec6e02880b3d42-LICENSE	45f522cacecb1023856e46df79ca625dfc550c94910078bd8aec6e02880b3d42	Exact crate/package file or exact upstream commit evidence
cfb@0.7.3	LICENSE	files/ebaac853b53fec0ed475796f533ce676912a4df9ad9d8a621fa76d5060591e10-LICENSE	ebaac853b53fec0ed475796f533ce676912a4df9ad9d8a621fa76d5060591e10	Exact crate/package file or exact upstream commit evidence
cookie@0.18.2	LICENSE-APACHE	files/2773e20df8f4c52a026b5b578c7f2457341f5aa3fb6612fd87e1d2e1bd8f48ad-LICENSE-APACHE	2773e20df8f4c52a026b5b578c7f2457341f5aa3fb6612fd87e1d2e1bd8f48ad	Exact crate/package file or exact upstream commit evidence
cookie@0.18.2	LICENSE-MIT	files/f28420c1906af38be726cd7842798f0194b27c41d6051c0d1e9ee348b8a4a0ea-LICENSE-MIT	f28420c1906af38be726cd7842798f0194b27c41d6051c0d1e9ee348b8a4a0ea	Exact crate/package file or exact upstream commit evidence
core-foundation@0.10.1	LICENSE-APACHE	files/a60eea817514531668d7e00765731449fe14d059d3249e0bc93b36de45f759f2-LICENSE-APACHE	a60eea817514531668d7e00765731449fe14d059d3249e0bc93b36de45f759f2	Exact crate/package file or exact upstream commit evidence
core-foundation@0.10.1	LICENSE-MIT	files/62065228e42caebca7e7d7db1204cbb867033de5982ca4009928915e4095f3a3-LICENSE-MIT	62065228e42caebca7e7d7db1204cbb867033de5982ca4009928915e4095f3a3	Exact crate/package file or exact upstream commit evidence
cpufeatures@0.2.17	LICENSE-APACHE	files/a9040321c3712d8fd0b09cf52b17445de04a23a10165049ae187cd39e5c86be5-LICENSE-APACHE	a9040321c3712d8fd0b09cf52b17445de04a23a10165049ae187cd39e5c86be5	Exact locked crate/package file; private final PDB source/inline provenance; LF text
cpufeatures@0.2.17	LICENSE-MIT	files/ae9baa7beea910273c2f384c2a6b721fb7bd02bda3436074a1072e4ee689f985-LICENSE-MIT	ae9baa7beea910273c2f384c2a6b721fb7bd02bda3436074a1072e4ee689f985	Exact locked crate/package file; private final PDB source/inline provenance; LF text
crc32fast@1.5.1	LICENSE-APACHE	files/c6596eb7be8581c18be736c846fb9173b69eccf6ef94c5135893ec56bd92ba08-LICENSE-APACHE	c6596eb7be8581c18be736c846fb9173b69eccf6ef94c5135893ec56bd92ba08	Exact crate/package file or exact upstream commit evidence
crc32fast@1.5.1	LICENSE-MIT	files/61d383b05b87d78f94d2937e2580cce47226d17823c0430fbcad09596537efcf-LICENSE-MIT	61d383b05b87d78f94d2937e2580cce47226d17823c0430fbcad09596537efcf	Exact crate/package file or exact upstream commit evidence
crossbeam-channel@0.5.17	LICENSE-APACHE	files/a60eea817514531668d7e00765731449fe14d059d3249e0bc93b36de45f759f2-LICENSE-APACHE	a60eea817514531668d7e00765731449fe14d059d3249e0bc93b36de45f759f2	Exact crate/package file or exact upstream commit evidence
crossbeam-channel@0.5.17	LICENSE-MIT	files/5734ed989dfca1f625b40281ee9f4530f91b2411ec01cb748223e7eb87e201ab-LICENSE-MIT	5734ed989dfca1f625b40281ee9f4530f91b2411ec01cb748223e7eb87e201ab	Exact crate/package file or exact upstream commit evidence
crossbeam-channel@0.5.17	LICENSE-THIRD-PARTY	files/b16db96b93b1d7cf7bea533f572091ec6bca3234fbe0a83038be772ff391a44c-LICENSE-THIRD-PARTY	b16db96b93b1d7cf7bea533f572091ec6bca3234fbe0a83038be772ff391a44c	Exact crate/package file or exact upstream commit evidence
crossbeam-utils@0.8.23	LICENSE-APACHE	files/a60eea817514531668d7e00765731449fe14d059d3249e0bc93b36de45f759f2-LICENSE-APACHE	a60eea817514531668d7e00765731449fe14d059d3249e0bc93b36de45f759f2	Exact crate/package file or exact upstream commit evidence
crossbeam-utils@0.8.23	LICENSE-MIT	files/5734ed989dfca1f625b40281ee9f4530f91b2411ec01cb748223e7eb87e201ab-LICENSE-MIT	5734ed989dfca1f625b40281ee9f4530f91b2411ec01cb748223e7eb87e201ab	Exact crate/package file or exact upstream commit evidence
ctor@0.8.0	LICENSE-APACHE	files/a8ad31b1c3f40dca5a84119351b8fa8ddc868edd77fad8a8ebf6d8f2d16fa4ae-LICENSE	a8ad31b1c3f40dca5a84119351b8fa8ddc868edd77fad8a8ebf6d8f2d16fa4ae	Exact locked crate/package file; private final PDB source/inline provenance; LF text
ctor@0.8.0	LICENSE-MIT	files/fd80a26fbb3f644af1fa994134446702932968519797227e07a1368dea80f0bc-LICENSE-MIT	fd80a26fbb3f644af1fa994134446702932968519797227e07a1368dea80f0bc	Exact locked crate/package file; private final PDB source/inline provenance; LF text
data-encoding@2.11.1	LICENSE	files/b68ad1a3367b825447089e1f8d6829b97f47a89eb78d2f4ebaef4672f5606186-LICENSE	b68ad1a3367b825447089e1f8d6829b97f47a89eb78d2f4ebaef4672f5606186	Exact crate/package file or exact upstream commit evidence
deranged@0.5.8	LICENSE-Apache	files/edd65bdd88957a205c47d53fa499eed8865a70320f0f03f6391668cb304ea376-LICENSE-Apache	edd65bdd88957a205c47d53fa499eed8865a70320f0f03f6391668cb304ea376	Exact locked crate/package file; private final PDB source/inline provenance; LF text
deranged@0.5.8	LICENSE-MIT	files/231c837c45eb53f108fb48929e488965bc4fcc14e9ea21d35f50e6b99d98685b-LICENSE-MIT	231c837c45eb53f108fb48929e488965bc4fcc14e9ea21d35f50e6b99d98685b	Exact locked crate/package file; private final PDB source/inline provenance; LF text
digest@0.10.7	LICENSE-APACHE	files/a9040321c3712d8fd0b09cf52b17445de04a23a10165049ae187cd39e5c86be5-LICENSE-APACHE	a9040321c3712d8fd0b09cf52b17445de04a23a10165049ae187cd39e5c86be5	Exact locked crate/package file; private final PDB source/inline provenance; LF text
digest@0.10.7	LICENSE-MIT	files/9e0dfd2dd4173a530e238cb6adb37aa78c34c6bc7444e0e10c1ab5d8881f63ba-LICENSE-MIT	9e0dfd2dd4173a530e238cb6adb37aa78c34c6bc7444e0e10c1ab5d8881f63ba	Exact locked crate/package file; private final PDB source/inline provenance; LF text
dirs-sys@0.5.0	LICENSE-APACHE	files/d3174ad63e721d4c9dccb8ad4320848992d314369bc46319720b5802c9153fe9-LICENSE-APACHE	d3174ad63e721d4c9dccb8ad4320848992d314369bc46319720b5802c9153fe9	Exact crate/package file or exact upstream commit evidence
dirs-sys@0.5.0	LICENSE-MIT	files/6a2e0ade09a7d5f816f11566fee2b151b32235a7fad52b41d49cce96f833c1a9-LICENSE-MIT	6a2e0ade09a7d5f816f11566fee2b151b32235a7fad52b41d49cce96f833c1a9	Exact crate/package file or exact upstream commit evidence
dirs@6.0.0	LICENSE-APACHE	files/d3174ad63e721d4c9dccb8ad4320848992d314369bc46319720b5802c9153fe9-LICENSE-APACHE	d3174ad63e721d4c9dccb8ad4320848992d314369bc46319720b5802c9153fe9	Exact crate/package file or exact upstream commit evidence
dirs@6.0.0	LICENSE-MIT	files/6a2e0ade09a7d5f816f11566fee2b151b32235a7fad52b41d49cce96f833c1a9-LICENSE-MIT	6a2e0ade09a7d5f816f11566fee2b151b32235a7fad52b41d49cce96f833c1a9	Exact crate/package file or exact upstream commit evidence
dpi@0.1.2	LICENSE	files/a8ad31b1c3f40dca5a84119351b8fa8ddc868edd77fad8a8ebf6d8f2d16fa4ae-LICENSE	a8ad31b1c3f40dca5a84119351b8fa8ddc868edd77fad8a8ebf6d8f2d16fa4ae	Exact locked crate/package file; LF text
dpi@0.1.2	LICENSE-LIBM-MIT	files/9eff396a99bafd208e7126602420d6864f6066c08b84485a5b032320a9c01997-LICENSE-LIBM-MIT	9eff396a99bafd208e7126602420d6864f6066c08b84485a5b032320a9c01997	Exact locked crate/package file; LF text
dunce@1.0.5	LICENSE	files/a2010f343487d3f7618affe54f789f5487602331c0a8d03f49e9a7c547cf0499-LICENSE	a2010f343487d3f7618affe54f789f5487602331c0a8d03f49e9a7c547cf0499	Exact locked crate/package file; private final PDB source/inline provenance; LF text
email_address@0.2.9	LICENSE	files/39712155836e5c10ef1b07037b606e4ad2d633e72205d162fdd7e2290aa54f15-LICENSE	39712155836e5c10ef1b07037b606e4ad2d633e72205d162fdd7e2290aa54f15	Exact crate/package file or exact upstream commit evidence
equivalent@1.0.2	LICENSE-APACHE	files/a60eea817514531668d7e00765731449fe14d059d3249e0bc93b36de45f759f2-LICENSE-APACHE	a60eea817514531668d7e00765731449fe14d059d3249e0bc93b36de45f759f2	Exact locked crate/package file; private final PDB source/inline provenance; LF text
equivalent@1.0.2	LICENSE-MIT	files/7365cc8878a1d7ce155a58c4ca09c3d7a6be413efa5334a80ea842912b669349-LICENSE-MIT	7365cc8878a1d7ce155a58c4ca09c3d7a6be413efa5334a80ea842912b669349	Exact locked crate/package file; private final PDB source/inline provenance; LF text
erased-serde@0.4.10	LICENSE-APACHE	files/62c7a1e35f56406896d7aa7ca52d0cc0d272ac022b5d2796e7d6905db8a3636a-LICENSE-APACHE	62c7a1e35f56406896d7aa7ca52d0cc0d272ac022b5d2796e7d6905db8a3636a	Exact crate/package file or exact upstream commit evidence
erased-serde@0.4.10	LICENSE-MIT	files/23f18e03dc49df91622fe2a76176497404e46ced8a715d9d2b67a7446571cca3-LICENSE-MIT	23f18e03dc49df91622fe2a76176497404e46ced8a715d9d2b67a7446571cca3	Exact crate/package file or exact upstream commit evidence
errno@0.3.14	LICENSE-APACHE	files/a60eea817514531668d7e00765731449fe14d059d3249e0bc93b36de45f759f2-LICENSE-APACHE	a60eea817514531668d7e00765731449fe14d059d3249e0bc93b36de45f759f2	Exact crate/package file or exact upstream commit evidence
errno@0.3.14	LICENSE-MIT	files/8764a597675778ddfd4e25f81b08a05dbcf089ac05662df7613fe67f150e3aa2-LICENSE-MIT	8764a597675778ddfd4e25f81b08a05dbcf089ac05662df7613fe67f150e3aa2	Exact crate/package file or exact upstream commit evidence
fancy-regex@0.19.0	LICENSE	files/3bc70e239e91272782006c638fc0452a714d384224f11f0923036b7be07cf9b5-LICENSE	3bc70e239e91272782006c638fc0452a714d384224f11f0923036b7be07cf9b5	Exact crate/package file or exact upstream commit evidence
fastrand@2.5.0	LICENSE-APACHE	files/a60eea817514531668d7e00765731449fe14d059d3249e0bc93b36de45f759f2-LICENSE-APACHE	a60eea817514531668d7e00765731449fe14d059d3249e0bc93b36de45f759f2	Exact crate/package file or exact upstream commit evidence
fastrand@2.5.0	LICENSE-MIT	files/23f18e03dc49df91622fe2a76176497404e46ced8a715d9d2b67a7446571cca3-LICENSE-MIT	23f18e03dc49df91622fe2a76176497404e46ced8a715d9d2b67a7446571cca3	Exact crate/package file or exact upstream commit evidence
fdeflate@0.3.7	LICENSE-APACHE	files/0d542e0c8804e39aa7f37eb00da5a762149dc682d7829451287e11b938e94594-LICENSE-APACHE	0d542e0c8804e39aa7f37eb00da5a762149dc682d7829451287e11b938e94594	Exact crate/package file or exact upstream commit evidence
fdeflate@0.3.7	LICENSE-MIT	files/c77a4cf9da729987d0fe7ccd811e3bd27393914ddf3d23467c18cc22954513b3-LICENSE-MIT	c77a4cf9da729987d0fe7ccd811e3bd27393914ddf3d23467c18cc22954513b3	Exact crate/package file or exact upstream commit evidence
flate2@1.1.10	LICENSE-APACHE	files/a60eea817514531668d7e00765731449fe14d059d3249e0bc93b36de45f759f2-LICENSE-APACHE	a60eea817514531668d7e00765731449fe14d059d3249e0bc93b36de45f759f2	Exact crate/package file or exact upstream commit evidence
flate2@1.1.10	LICENSE-MIT	files/025436edff4cfcdde17a5811fdea78892d8482efd1abdec5a17872d07a4f2112-LICENSE-MIT	025436edff4cfcdde17a5811fdea78892d8482efd1abdec5a17872d07a4f2112	Exact crate/package file or exact upstream commit evidence
fluent-uri@0.4.1	LICENSE	files/9fa38f610a00115dd1f612bdd3559e3b381ea579538b6ff25a5899da250a5fce-LICENSE	9fa38f610a00115dd1f612bdd3559e3b381ea579538b6ff25a5899da250a5fce	Exact crate/package file or exact upstream commit evidence
fnv@1.0.7	LICENSE-APACHE	files/a60eea817514531668d7e00765731449fe14d059d3249e0bc93b36de45f759f2-LICENSE-APACHE	a60eea817514531668d7e00765731449fe14d059d3249e0bc93b36de45f759f2	Exact locked crate/package file; private final PDB source/inline provenance; LF text
fnv@1.0.7	LICENSE-MIT	files/65fdb6c76cd61612070c066eec9ecdb30ee74fb27859d0d9af58b9f499fd0c3e-LICENSE-MIT	65fdb6c76cd61612070c066eec9ecdb30ee74fb27859d0d9af58b9f499fd0c3e	Exact locked crate/package file; private final PDB source/inline provenance; LF text
foldhash@0.2.0	LICENSE	files/b1181a40b2a7b25cf66fd01481713bc1005df082c53ef73e851e55071b102744-LICENSE	b1181a40b2a7b25cf66fd01481713bc1005df082c53ef73e851e55071b102744	Exact crate/package file or exact upstream commit evidence
form_urlencoded@1.2.2	LICENSE-APACHE	files/a60eea817514531668d7e00765731449fe14d059d3249e0bc93b36de45f759f2-LICENSE-APACHE	a60eea817514531668d7e00765731449fe14d059d3249e0bc93b36de45f759f2	Exact crate/package file or exact upstream commit evidence
form_urlencoded@1.2.2	LICENSE-MIT	files/20c7855c364d57ea4c97889a5e8d98470a9952dade37bd9248b9a54431670e5e-LICENSE-MIT	20c7855c364d57ea4c97889a5e8d98470a9952dade37bd9248b9a54431670e5e	Exact crate/package file or exact upstream commit evidence
fraction@0.17.0	LICENSE-APACHE	files/a60eea817514531668d7e00765731449fe14d059d3249e0bc93b36de45f759f2-LICENSE-APACHE	a60eea817514531668d7e00765731449fe14d059d3249e0bc93b36de45f759f2	Exact locked crate/package file; LF text
fraction@0.17.0	LICENSE-MIT	files/6485b8ed310d3f0340bf1ad1f47645069ce4069dcc6bb46c7d5c6faf41de1fdb-LICENSE-MIT	6485b8ed310d3f0340bf1ad1f47645069ce4069dcc6bb46c7d5c6faf41de1fdb	Exact locked crate/package file; LF text
futures-channel@0.3.34	LICENSE-APACHE	files/275c491d6d1160553c32fd6127061d7f9606c3ea25abfad6ca3f6ed088785427-LICENSE-APACHE	275c491d6d1160553c32fd6127061d7f9606c3ea25abfad6ca3f6ed088785427	Exact crate/package file or exact upstream commit evidence
futures-channel@0.3.34	LICENSE-MIT	files/6652c868f35dfe5e8ef636810a4e576b9d663f3a17fb0f5613ad73583e1b88fd-LICENSE-MIT	6652c868f35dfe5e8ef636810a4e576b9d663f3a17fb0f5613ad73583e1b88fd	Exact crate/package file or exact upstream commit evidence
futures-core@0.3.34	LICENSE-APACHE	files/275c491d6d1160553c32fd6127061d7f9606c3ea25abfad6ca3f6ed088785427-LICENSE-APACHE	275c491d6d1160553c32fd6127061d7f9606c3ea25abfad6ca3f6ed088785427	Exact crate/package file or exact upstream commit evidence
futures-core@0.3.34	LICENSE-MIT	files/6652c868f35dfe5e8ef636810a4e576b9d663f3a17fb0f5613ad73583e1b88fd-LICENSE-MIT	6652c868f35dfe5e8ef636810a4e576b9d663f3a17fb0f5613ad73583e1b88fd	Exact crate/package file or exact upstream commit evidence
futures-io@0.3.34	LICENSE-APACHE	files/275c491d6d1160553c32fd6127061d7f9606c3ea25abfad6ca3f6ed088785427-LICENSE-APACHE	275c491d6d1160553c32fd6127061d7f9606c3ea25abfad6ca3f6ed088785427	Exact locked crate/package file; private final PDB source/inline provenance; LF text
futures-io@0.3.34	LICENSE-MIT	files/6652c868f35dfe5e8ef636810a4e576b9d663f3a17fb0f5613ad73583e1b88fd-LICENSE-MIT	6652c868f35dfe5e8ef636810a4e576b9d663f3a17fb0f5613ad73583e1b88fd	Exact locked crate/package file; private final PDB source/inline provenance; LF text
futures-sink@0.3.34	LICENSE-APACHE	files/275c491d6d1160553c32fd6127061d7f9606c3ea25abfad6ca3f6ed088785427-LICENSE-APACHE	275c491d6d1160553c32fd6127061d7f9606c3ea25abfad6ca3f6ed088785427	Exact locked crate/package file; private final PDB source/inline provenance; LF text
futures-sink@0.3.34	LICENSE-MIT	files/6652c868f35dfe5e8ef636810a4e576b9d663f3a17fb0f5613ad73583e1b88fd-LICENSE-MIT	6652c868f35dfe5e8ef636810a4e576b9d663f3a17fb0f5613ad73583e1b88fd	Exact locked crate/package file; private final PDB source/inline provenance; LF text
futures-util@0.3.34	LICENSE-APACHE	files/275c491d6d1160553c32fd6127061d7f9606c3ea25abfad6ca3f6ed088785427-LICENSE-APACHE	275c491d6d1160553c32fd6127061d7f9606c3ea25abfad6ca3f6ed088785427	Exact locked crate/package file; LF text
futures-util@0.3.34	LICENSE-MIT	files/6652c868f35dfe5e8ef636810a4e576b9d663f3a17fb0f5613ad73583e1b88fd-LICENSE-MIT	6652c868f35dfe5e8ef636810a4e576b9d663f3a17fb0f5613ad73583e1b88fd	Exact locked crate/package file; LF text
generic-array@0.14.7	LICENSE	files/c09aae9d3c77b531f56351a9947bc7446511d6b025b3255312d3e3442a9a7583-LICENSE	c09aae9d3c77b531f56351a9947bc7446511d6b025b3255312d3e3442a9a7583	Exact crate/package file or exact upstream commit evidence
getrandom@0.3.4	LICENSE-APACHE	files/aaff376532ea30a0cd5330b9502ad4a4c8bf769c539c87ffe78819d188a18ebf-LICENSE-APACHE	aaff376532ea30a0cd5330b9502ad4a4c8bf769c539c87ffe78819d188a18ebf	Exact crate/package file or exact upstream commit evidence
getrandom@0.3.4	LICENSE-MIT	files/29e9fe5074bd27e0e5d5d110394fbbcd841baee2651a3c4b4560a632702cede4-LICENSE-MIT	29e9fe5074bd27e0e5d5d110394fbbcd841baee2651a3c4b4560a632702cede4	Exact crate/package file or exact upstream commit evidence
getrandom@0.4.3	LICENSE-APACHE	files/aaff376532ea30a0cd5330b9502ad4a4c8bf769c539c87ffe78819d188a18ebf-LICENSE-APACHE	aaff376532ea30a0cd5330b9502ad4a4c8bf769c539c87ffe78819d188a18ebf	Exact crate/package file or exact upstream commit evidence
getrandom@0.4.3	LICENSE-MIT	files/523a42c25d245dde9c015f882cec7f4555aad883382a6cf19b4b7d9b2cd5419b-LICENSE-MIT	523a42c25d245dde9c015f882cec7f4555aad883382a6cf19b4b7d9b2cd5419b	Exact crate/package file or exact upstream commit evidence
glob@0.3.4	LICENSE-APACHE	files/a60eea817514531668d7e00765731449fe14d059d3249e0bc93b36de45f759f2-LICENSE-APACHE	a60eea817514531668d7e00765731449fe14d059d3249e0bc93b36de45f759f2	Exact crate/package file or exact upstream commit evidence
glob@0.3.4	LICENSE-MIT	files/6485b8ed310d3f0340bf1ad1f47645069ce4069dcc6bb46c7d5c6faf41de1fdb-LICENSE-MIT	6485b8ed310d3f0340bf1ad1f47645069ce4069dcc6bb46c7d5c6faf41de1fdb	Exact crate/package file or exact upstream commit evidence
hashbrown@0.17.1	LICENSE-APACHE	files/a60eea817514531668d7e00765731449fe14d059d3249e0bc93b36de45f759f2-LICENSE-APACHE	a60eea817514531668d7e00765731449fe14d059d3249e0bc93b36de45f759f2	Exact locked crate/package file; LF text
hashbrown@0.17.1	LICENSE-MIT	files/ff8f68cb076caf8cefe7a6430d4ac086ce6af2ca8ce2c4e5a2004d4552ef52a2-LICENSE-MIT	ff8f68cb076caf8cefe7a6430d4ac086ce6af2ca8ce2c4e5a2004d4552ef52a2	Exact locked crate/package file; LF text
http-body-util@0.1.5	LICENSE	files/248378d0a3383c173fb925f17141b88e71580b3ba17ddc6ac3d2a344683232ab-LICENSE	248378d0a3383c173fb925f17141b88e71580b3ba17ddc6ac3d2a344683232ab	Exact locked crate/package file; private final PDB source/inline provenance; LF text
http-body@1.1.0	LICENSE	files/248378d0a3383c173fb925f17141b88e71580b3ba17ddc6ac3d2a344683232ab-LICENSE	248378d0a3383c173fb925f17141b88e71580b3ba17ddc6ac3d2a344683232ab	Exact locked crate/package file; private final PDB source/inline provenance; LF text
http@1.5.0	LICENSE-APACHE	files/8bb1b50b0e5c9399ae33bd35fab2769010fa6c14e8860c729a52295d84896b7a-LICENSE-APACHE	8bb1b50b0e5c9399ae33bd35fab2769010fa6c14e8860c729a52295d84896b7a	Exact crate/package file or exact upstream commit evidence
http@1.5.0	LICENSE-MIT	files/dc91f8200e4b2a1f9261035d4c18c33c246911a6c0f7b543d75347e61b249cff-LICENSE-MIT	dc91f8200e4b2a1f9261035d4c18c33c246911a6c0f7b543d75347e61b249cff	Exact crate/package file or exact upstream commit evidence
httparse@1.10.1	LICENSE-APACHE	files/a60eea817514531668d7e00765731449fe14d059d3249e0bc93b36de45f759f2-LICENSE-APACHE	a60eea817514531668d7e00765731449fe14d059d3249e0bc93b36de45f759f2	Exact crate/package file or exact upstream commit evidence
httparse@1.10.1	LICENSE-MIT	files/391a5396cec6230bfabd4ef4eb2350eb895bc5efce377a2218f5702ed020d3e3-LICENSE-MIT	391a5396cec6230bfabd4ef4eb2350eb895bc5efce377a2218f5702ed020d3e3	Exact crate/package file or exact upstream commit evidence
hyper-rustls@0.27.9	LICENSE-APACHE	files/a60eea817514531668d7e00765731449fe14d059d3249e0bc93b36de45f759f2-LICENSE-APACHE	a60eea817514531668d7e00765731449fe14d059d3249e0bc93b36de45f759f2	Exact crate/package file or exact upstream commit evidence
hyper-rustls@0.27.9	LICENSE-ISC	files/7cfafc877eccc46c0e346ccbaa5c51bb6b894d2b818e617d970211e232785ad4-LICENSE-ISC	7cfafc877eccc46c0e346ccbaa5c51bb6b894d2b818e617d970211e232785ad4	Exact crate/package file or exact upstream commit evidence
hyper-rustls@0.27.9	LICENSE-MIT	files/709e3175b4212f7b13aa93971c9f62ff8c69ec45ad8c6532a7e0c41d7a7d6f8c-LICENSE-MIT	709e3175b4212f7b13aa93971c9f62ff8c69ec45ad8c6532a7e0c41d7a7d6f8c	Exact crate/package file or exact upstream commit evidence
hyper-util@0.1.20	LICENSE	files/9e0a97848ea543aef745c98e84fde696a9a3e0735538f6daefdd3cb1942effc1-LICENSE	9e0a97848ea543aef745c98e84fde696a9a3e0735538f6daefdd3cb1942effc1	Exact crate/package file or exact upstream commit evidence
hyper@1.11.1	LICENSE	files/2d01890414494742ba4a509fcec8efa40f6d8be22cbd72be7cff08d6fda4ec89-LICENSE	2d01890414494742ba4a509fcec8efa40f6d8be22cbd72be7cff08d6fda4ec89	Exact crate/package file or exact upstream commit evidence
icu_collections@2.3.0	LICENSE	files/f367c1b8e1aa262435251e442901da4607b4650e0e63a026f5044473ecfb90f2-LICENSE	f367c1b8e1aa262435251e442901da4607b4650e0e63a026f5044473ecfb90f2	Exact crate/package file or exact upstream commit evidence
icu_locale_core@2.3.0	LICENSE	files/f367c1b8e1aa262435251e442901da4607b4650e0e63a026f5044473ecfb90f2-LICENSE	f367c1b8e1aa262435251e442901da4607b4650e0e63a026f5044473ecfb90f2	Exact crate/package file or exact upstream commit evidence
icu_normalizer_data@2.3.0	LICENSE	files/f367c1b8e1aa262435251e442901da4607b4650e0e63a026f5044473ecfb90f2-LICENSE	f367c1b8e1aa262435251e442901da4607b4650e0e63a026f5044473ecfb90f2	Exact locked crate/package file; private final PDB source/inline provenance; LF text
icu_normalizer@2.3.0	LICENSE	files/f367c1b8e1aa262435251e442901da4607b4650e0e63a026f5044473ecfb90f2-LICENSE	f367c1b8e1aa262435251e442901da4607b4650e0e63a026f5044473ecfb90f2	Exact crate/package file or exact upstream commit evidence
icu_properties@2.3.0	LICENSE	files/f367c1b8e1aa262435251e442901da4607b4650e0e63a026f5044473ecfb90f2-LICENSE	f367c1b8e1aa262435251e442901da4607b4650e0e63a026f5044473ecfb90f2	Exact locked crate/package file; private final PDB source/inline provenance; LF text
icu_provider@2.3.1	LICENSE	files/f367c1b8e1aa262435251e442901da4607b4650e0e63a026f5044473ecfb90f2-LICENSE	f367c1b8e1aa262435251e442901da4607b4650e0e63a026f5044473ecfb90f2	Exact crate/package file or exact upstream commit evidence
idna_adapter@1.2.2	LICENSE-APACHE	files/a60eea817514531668d7e00765731449fe14d059d3249e0bc93b36de45f759f2-LICENSE-APACHE	a60eea817514531668d7e00765731449fe14d059d3249e0bc93b36de45f759f2	Exact locked crate/package file; private final PDB source/inline provenance; LF text
idna_adapter@1.2.2	LICENSE-MIT	files/8b43ce8accd61e9d370b5ca9e9c4f953279b5c239926c62315b40e24df51b726-LICENSE-MIT	8b43ce8accd61e9d370b5ca9e9c4f953279b5c239926c62315b40e24df51b726	Exact locked crate/package file; private final PDB source/inline provenance; LF text
idna@1.1.0	LICENSE-APACHE	files/a60eea817514531668d7e00765731449fe14d059d3249e0bc93b36de45f759f2-LICENSE-APACHE	a60eea817514531668d7e00765731449fe14d059d3249e0bc93b36de45f759f2	Exact crate/package file or exact upstream commit evidence
idna@1.1.0	LICENSE-MIT	files/b38f11f6096706e6de553dabe2a7ed142d59b6fa8c97e290c67496154745cdd5-LICENSE-MIT	b38f11f6096706e6de553dabe2a7ed142d59b6fa8c97e290c67496154745cdd5	Exact crate/package file or exact upstream commit evidence
image-webp@0.2.4	LICENSE-APACHE	files/0d542e0c8804e39aa7f37eb00da5a762149dc682d7829451287e11b938e94594-LICENSE-APACHE	0d542e0c8804e39aa7f37eb00da5a762149dc682d7829451287e11b938e94594	Exact crate package file
image-webp@0.2.4	LICENSE-MIT	files/c77a4cf9da729987d0fe7ccd811e3bd27393914ddf3d23467c18cc22954513b3-LICENSE-MIT	c77a4cf9da729987d0fe7ccd811e3bd27393914ddf3d23467c18cc22954513b3	Exact crate package file
image@0.25.10	LICENSE-APACHE	files/0d542e0c8804e39aa7f37eb00da5a762149dc682d7829451287e11b938e94594-LICENSE-APACHE	0d542e0c8804e39aa7f37eb00da5a762149dc682d7829451287e11b938e94594	Exact crate package file
image@0.25.10	LICENSE-MIT	files/c77a4cf9da729987d0fe7ccd811e3bd27393914ddf3d23467c18cc22954513b3-LICENSE-MIT	c77a4cf9da729987d0fe7ccd811e3bd27393914ddf3d23467c18cc22954513b3	Exact crate package file
indexmap@2.14.2	LICENSE-APACHE	files/a60eea817514531668d7e00765731449fe14d059d3249e0bc93b36de45f759f2-LICENSE-APACHE	a60eea817514531668d7e00765731449fe14d059d3249e0bc93b36de45f759f2	Exact locked crate/package file; private final PDB source/inline provenance; LF text
indexmap@2.14.2	LICENSE-MIT	files/ecc269ef87fd38a1d98e30bfac9ba964a9dbd9315c3770fed98d4d7cb5882055-LICENSE-MIT	ecc269ef87fd38a1d98e30bfac9ba964a9dbd9315c3770fed98d4d7cb5882055	Exact locked crate/package file; private final PDB source/inline provenance; LF text
infer@0.19.0	LICENSE	files/270b0d81891aa44c7e8726cf9432dade9556a01c848bacd2f3ef839c9c1a1859-LICENSE	270b0d81891aa44c7e8726cf9432dade9556a01c848bacd2f3ef839c9c1a1859	Exact crate/package file or exact upstream commit evidence
ipnet@2.12.2	LICENSE-APACHE	files/87d9feb9238c6bd8e0024fc4733b06cff036f89f36d93b7df1c8a0549bbb7a5b-LICENSE-APACHE	87d9feb9238c6bd8e0024fc4733b06cff036f89f36d93b7df1c8a0549bbb7a5b	Exact crate/package file or exact upstream commit evidence
ipnet@2.12.2	LICENSE-MIT	files/47dc9ff29128ddfb4d6a0435383c9f89120bc374dbcc1dd00b933a0b28aa7865-LICENSE-MIT	47dc9ff29128ddfb4d6a0435383c9f89120bc374dbcc1dd00b933a0b28aa7865	Exact crate/package file or exact upstream commit evidence
itoa@1.0.18	LICENSE-APACHE	files/62c7a1e35f56406896d7aa7ca52d0cc0d272ac022b5d2796e7d6905db8a3636a-LICENSE-APACHE	62c7a1e35f56406896d7aa7ca52d0cc0d272ac022b5d2796e7d6905db8a3636a	Exact crate/package file or exact upstream commit evidence
itoa@1.0.18	LICENSE-MIT	files/23f18e03dc49df91622fe2a76176497404e46ced8a715d9d2b67a7446571cca3-LICENSE-MIT	23f18e03dc49df91622fe2a76176497404e46ced8a715d9d2b67a7446571cca3	Exact crate/package file or exact upstream commit evidence
json-patch@3.0.1	LICENSE-APACHE	files/b40930bbcf80744c86c46a12bc9da056641d722716c378f5659b9e555ef833e1-LICENSE.Apache2	b40930bbcf80744c86c46a12bc9da056641d722716c378f5659b9e555ef833e1	Exact crate/package file or exact upstream commit evidence
json-patch@3.0.1	LICENSE-MIT	files/87f7527b1066337751f7f4d717089bf514ff8f7ee7d66c4c5b891b09e744ec11-LICENSE-MIT	87f7527b1066337751f7f4d717089bf514ff8f7ee7d66c4c5b891b09e744ec11	Exact crate/package file or exact upstream commit evidence
jsonptr@0.6.3	LICENSE-APACHE	files/2cf31f2ae7f3feba667d50fc1d4d21ecf217703c04c3068b83c9a73b6dde723a-LICENSE-APACHE	2cf31f2ae7f3feba667d50fc1d4d21ecf217703c04c3068b83c9a73b6dde723a	Exact crate/package file or exact upstream commit evidence
jsonptr@0.6.3	LICENSE-MIT	files/2bc107bdc18a74263d20bdefdb8073e17bc1a01b6b374dc5835683a33ee5ba7d-LICENSE-MIT	2bc107bdc18a74263d20bdefdb8073e17bc1a01b6b374dc5835683a33ee5ba7d	Exact crate/package file or exact upstream commit evidence
jsonschema-regex@0.54.0	LICENSE	files/117829c3ca21efb132d81a44b55363d395ab8eea18526873bc828da4c0e5f038-LICENSE	117829c3ca21efb132d81a44b55363d395ab8eea18526873bc828da4c0e5f038	Exact crate/package file or exact upstream commit evidence
jsonschema-value@0.54.0	LICENSE	files/117829c3ca21efb132d81a44b55363d395ab8eea18526873bc828da4c0e5f038-LICENSE	117829c3ca21efb132d81a44b55363d395ab8eea18526873bc828da4c0e5f038	Exact crate/package file or exact upstream commit evidence
jsonschema@0.54.0	LICENSE	files/117829c3ca21efb132d81a44b55363d395ab8eea18526873bc828da4c0e5f038-LICENSE	117829c3ca21efb132d81a44b55363d395ab8eea18526873bc828da4c0e5f038	Exact crate/package file or exact upstream commit evidence
keyboard-types@0.7.0	LICENSE-APACHE	files/a60eea817514531668d7e00765731449fe14d059d3249e0bc93b36de45f759f2-LICENSE-APACHE	a60eea817514531668d7e00765731449fe14d059d3249e0bc93b36de45f759f2	Exact locked crate/package file; private final PDB source/inline provenance; LF text
keyboard-types@0.7.0	LICENSE-MIT	files/dd57ede7eb6b56bc60b7c69f4b701b5550b9b5a1f4f47b98f26758ed74743f82-LICENSE-MIT	dd57ede7eb6b56bc60b7c69f4b701b5550b9b5a1f4f47b98f26758ed74743f82	Exact locked crate/package file; private final PDB source/inline provenance; LF text
libsqlite3-sys@0.38.2	LICENSE	files/c10c1f27337546471e5f7e4e97fdd398b35b9d4e126115dcd22de8d8e65abf6f-LICENSE	c10c1f27337546471e5f7e4e97fdd398b35b9d4e126115dcd22de8d8e65abf6f	Exact crate/package file or exact upstream commit evidence
litemap@0.8.3	LICENSE	files/f367c1b8e1aa262435251e442901da4607b4650e0e63a026f5044473ecfb90f2-LICENSE	f367c1b8e1aa262435251e442901da4607b4650e0e63a026f5044473ecfb90f2	Exact locked crate/package file; private final PDB source/inline provenance; LF text
lock_api@0.4.14	LICENSE-APACHE	files/a60eea817514531668d7e00765731449fe14d059d3249e0bc93b36de45f759f2-LICENSE-APACHE	a60eea817514531668d7e00765731449fe14d059d3249e0bc93b36de45f759f2	Exact locked crate/package file; private final PDB source/inline provenance; LF text
lock_api@0.4.14	LICENSE-MIT	files/c9a75f18b9ab2927829a208fc6aa2cf4e63b8420887ba29cdb265d6619ae82d5-LICENSE-MIT	c9a75f18b9ab2927829a208fc6aa2cf4e63b8420887ba29cdb265d6619ae82d5	Exact locked crate/package file; private final PDB source/inline provenance; LF text
log@0.4.34	LICENSE-APACHE	files/a60eea817514531668d7e00765731449fe14d059d3249e0bc93b36de45f759f2-LICENSE-APACHE	a60eea817514531668d7e00765731449fe14d059d3249e0bc93b36de45f759f2	Exact crate/package file or exact upstream commit evidence
log@0.4.34	LICENSE-MIT	files/6485b8ed310d3f0340bf1ad1f47645069ce4069dcc6bb46c7d5c6faf41de1fdb-LICENSE-MIT	6485b8ed310d3f0340bf1ad1f47645069ce4069dcc6bb46c7d5c6faf41de1fdb	Exact crate/package file or exact upstream commit evidence
memchr@2.8.3	COPYING	files/01c266bced4a434da0051174d6bee16a4c82cf634e2679b6155d40d75012390f-COPYING	01c266bced4a434da0051174d6bee16a4c82cf634e2679b6155d40d75012390f	Exact crate/package file or exact upstream commit evidence
memchr@2.8.3	LICENSE-MIT	files/0f96a83840e146e43c0ec96a22ec1f392e0680e6c1226e6f3ba87e0740af850f-LICENSE-MIT	0f96a83840e146e43c0ec96a22ec1f392e0680e6c1226e6f3ba87e0740af850f	Exact crate/package file or exact upstream commit evidence
micromap@0.3.0	LICENSE.txt	files/9387c2d197e2370a740ca457dae1662c56de56b811ee4862024343961307f9bf-LICENSE.txt	9387c2d197e2370a740ca457dae1662c56de56b811ee4862024343961307f9bf	Exact locked crate/package file; LF text
Microsoft Visual C++ static release runtime@14.51.36231	enterprise-license.txt	files/b318c6e088fc0ec41af5be88308a8ffd28d30ee485557500237edaa89cf019b7-enterprise-license.txt	b318c6e088fc0ec41af5be88308a8ffd28d30ee485557500237edaa89cf019b7	Official Microsoft 2026 document; complete paragraph text; original DOCX SHA256 dd2ab92a7c2bb90dd509e16572707a34b13bc0bc09b9199d115f25594ac39053
Microsoft Visual C++ static release runtime@14.51.36231	runtime-license.txt	files/848396b9567ed9e565534b5a5726bddee785db6988498f2147f2b90aba15cd7a-runtime-license.txt	848396b9567ed9e565534b5a5726bddee785db6988498f2147f2b90aba15cd7a	Official Microsoft 2026 document; complete paragraph text; original DOCX SHA256 08651651a7602fc7c0e2763de0fde1ff9f868df2780597cd1775ee9d6441c783
mime@0.3.17	LICENSE-APACHE	files/a60eea817514531668d7e00765731449fe14d059d3249e0bc93b36de45f759f2-LICENSE-APACHE	a60eea817514531668d7e00765731449fe14d059d3249e0bc93b36de45f759f2	Exact crate/package file or exact upstream commit evidence
mime@0.3.17	LICENSE-MIT	files/df9cfd06d8a44d9a671eadd39ffd97f166481da015a30f45dfd27886209c5922-LICENSE-MIT	df9cfd06d8a44d9a671eadd39ffd97f166481da015a30f45dfd27886209c5922	Exact crate/package file or exact upstream commit evidence
miniz_oxide@0.9.1	LICENSE	files/4108245a1f2df9d4e94df8abed5b4ba0759bb2f9b40a6b939f1be141077ae50b-LICENSE	4108245a1f2df9d4e94df8abed5b4ba0759bb2f9b40a6b939f1be141077ae50b	Exact crate/package file or exact upstream commit evidence
miniz_oxide@0.9.1	LICENSE-APACHE.md	files/0d542e0c8804e39aa7f37eb00da5a762149dc682d7829451287e11b938e94594-LICENSE-APACHE	0d542e0c8804e39aa7f37eb00da5a762149dc682d7829451287e11b938e94594	Exact crate/package file or exact upstream commit evidence
miniz_oxide@0.9.1	LICENSE-MIT.md	files/799e9ca9d179295ef372f25d3769cdda7d25bb2668add6a6a1e22d1e4c678b8d-LICENSE-MIT.md	799e9ca9d179295ef372f25d3769cdda7d25bb2668add6a6a1e22d1e4c678b8d	Exact crate/package file or exact upstream commit evidence
miniz_oxide@0.9.1	LICENSE-ZLIB.md	files/0a54e647fe54104658b5e563c04c6f9edf251710e47bce692e0bd990a4ddaa39-LICENSE-ZLIB.md	0a54e647fe54104658b5e563c04c6f9edf251710e47bce692e0bd990a4ddaa39	Exact crate/package file or exact upstream commit evidence
mio@1.2.3	LICENSE	files/07919255c7e04793d8ea760d6c2ce32d19f9ff02bdbdde3ce90b1e1880929a9b-LICENSE	07919255c7e04793d8ea760d6c2ce32d19f9ff02bdbdde3ce90b1e1880929a9b	Exact crate/package file or exact upstream commit evidence
moxcms@0.8.1	LICENSE.md	files/2aa92cada6431e75615e3fe6cb1a9082c98f777d48ae1c087c0da0e37f7b8bff-LICENSE.md	2aa92cada6431e75615e3fe6cb1a9082c98f777d48ae1c087c0da0e37f7b8bff	Exact crate package file; BSD-3-Clause option selected
muda@0.19.3	LICENSE-APACHE	files/a60eea817514531668d7e00765731449fe14d059d3249e0bc93b36de45f759f2-LICENSE-APACHE	a60eea817514531668d7e00765731449fe14d059d3249e0bc93b36de45f759f2	Exact crate/package file or exact upstream commit evidence
muda@0.19.3	LICENSE-MIT	files/2ab5537b8c0cb1d475e2145b6a7994b04e7c71e6e5bd836f7f9c47c221a5ad9a-LICENSE-MIT	2ab5537b8c0cb1d475e2145b6a7994b04e7c71e6e5bd836f7f9c47c221a5ad9a	Exact crate/package file or exact upstream commit evidence
muda@0.19.3	LICENSE.spdx	files/b99f9d43803f2ac979c50949df630bd8eeaf2fcd1b9fdb9093710d70f5dfb63d-LICENSE.spdx	b99f9d43803f2ac979c50949df630bd8eeaf2fcd1b9fdb9093710d70f5dfb63d	Exact crate/package file or exact upstream commit evidence
NSIS-LZMA@3.11	NSIS-3.11-LZMA-CPL-EXCEPTION.txt	files/7cf913bc1a934e0a997d8e48ad5a70116d82330f14b6a5bbbfc4ee51c310aab9-NSIS-3.11-LZMA-CPL-EXCEPTION.txt	7cf913bc1a934e0a997d8e48ad5a70116d82330f14b6a5bbbfc4ee51c310aab9	Exact CPL and LZMA exception sections from official NSIS 3.11 COPYING; LF text
NSIS-Modern-UI-graphics@3.11	NSIS-3.11-ZLIB.txt	files/cdfc22c1238111426f9cf5763cafdf6c6b902f9aa70aaa18eeb484265a8b38b8-NSIS-3.11-ZLIB.txt	cdfc22c1238111426f9cf5763cafdf6c6b902f9aa70aaa18eeb484265a8b38b8	Exact relevant sections from official NSIS 3.11 COPYING; LF text
NSIS-nsDialogs@3.11	NSIS-3.11-ZLIB.txt	files/cdfc22c1238111426f9cf5763cafdf6c6b902f9aa70aaa18eeb484265a8b38b8-NSIS-3.11-ZLIB.txt	cdfc22c1238111426f9cf5763cafdf6c6b902f9aa70aaa18eeb484265a8b38b8	Exact relevant sections from official NSIS 3.11 COPYING; LF text
NSIS-NSISdl@3.11	NSIS-3.11-ZLIB.txt	files/cdfc22c1238111426f9cf5763cafdf6c6b902f9aa70aaa18eeb484265a8b38b8-NSIS-3.11-ZLIB.txt	cdfc22c1238111426f9cf5763cafdf6c6b902f9aa70aaa18eeb484265a8b38b8	Exact relevant sections from official NSIS 3.11 COPYING; LF text
NSIS-StartMenu@3.11	NSIS-3.11-ZLIB.txt	files/cdfc22c1238111426f9cf5763cafdf6c6b902f9aa70aaa18eeb484265a8b38b8-NSIS-3.11-ZLIB.txt	cdfc22c1238111426f9cf5763cafdf6c6b902f9aa70aaa18eeb484265a8b38b8	Exact relevant sections from official NSIS 3.11 COPYING; LF text
NSIS-System@3.11	NSIS-3.11-ZLIB.txt	files/cdfc22c1238111426f9cf5763cafdf6c6b902f9aa70aaa18eeb484265a8b38b8-NSIS-3.11-ZLIB.txt	cdfc22c1238111426f9cf5763cafdf6c6b902f9aa70aaa18eeb484265a8b38b8	Exact relevant sections from official NSIS 3.11 COPYING; LF text
nsis-tauri-utils@0.5.3	LICENSE_APACHE-2.0	files/0d542e0c8804e39aa7f37eb00da5a762149dc682d7829451287e11b938e94594-LICENSE-APACHE	0d542e0c8804e39aa7f37eb00da5a762149dc682d7829451287e11b938e94594	Exact upstream commit 13d9edd27b69310e108d6fbd49f90992f8a05390; LF text
nsis-tauri-utils@0.5.3	LICENSE_MIT	files/1c1020fa10a6bf318717e82c911bcc54ebdfb9bb280460ae332bcb2f82f57fbe-LICENSE_MIT	1c1020fa10a6bf318717e82c911bcc54ebdfb9bb280460ae332bcb2f82f57fbe	Exact upstream commit 13d9edd27b69310e108d6fbd49f90992f8a05390; LF text
NSIS@3.11	NSIS-3.11-ZLIB.txt	files/cdfc22c1238111426f9cf5763cafdf6c6b902f9aa70aaa18eeb484265a8b38b8-NSIS-3.11-ZLIB.txt	cdfc22c1238111426f9cf5763cafdf6c6b902f9aa70aaa18eeb484265a8b38b8	Exact relevant sections from official NSIS 3.11 COPYING; LF text
num-bigint@0.4.8	LICENSE-APACHE	files/a60eea817514531668d7e00765731449fe14d059d3249e0bc93b36de45f759f2-LICENSE-APACHE	a60eea817514531668d7e00765731449fe14d059d3249e0bc93b36de45f759f2	Exact crate/package file or exact upstream commit evidence
num-bigint@0.4.8	LICENSE-MIT	files/6485b8ed310d3f0340bf1ad1f47645069ce4069dcc6bb46c7d5c6faf41de1fdb-LICENSE-MIT	6485b8ed310d3f0340bf1ad1f47645069ce4069dcc6bb46c7d5c6faf41de1fdb	Exact crate/package file or exact upstream commit evidence
num-cmp@0.1.0	LICENSE.txt	files/3bb1e548250b3acc43febde65a5cdba9f2e0a3288018aa41f009a3c59ffab51a-LICENSE.txt	3bb1e548250b3acc43febde65a5cdba9f2e0a3288018aa41f009a3c59ffab51a	Exact locked crate/package file; private final PDB source/inline provenance; LF text
num-conv@0.2.2	LICENSE-Apache	files/0d542e0c8804e39aa7f37eb00da5a762149dc682d7829451287e11b938e94594-LICENSE-APACHE	0d542e0c8804e39aa7f37eb00da5a762149dc682d7829451287e11b938e94594	Exact locked crate/package file; private final PDB source/inline provenance; LF text
num-conv@0.2.2	LICENSE-MIT	files/e2e245f2b566d0bfafb0f6a04c16b82d710c4e6e7d799e39bb4ef6e541b85b98-LICENSE-MIT	e2e245f2b566d0bfafb0f6a04c16b82d710c4e6e7d799e39bb4ef6e541b85b98	Exact locked crate/package file; private final PDB source/inline provenance; LF text
num-integer@0.1.47	LICENSE-APACHE	files/a60eea817514531668d7e00765731449fe14d059d3249e0bc93b36de45f759f2-LICENSE-APACHE	a60eea817514531668d7e00765731449fe14d059d3249e0bc93b36de45f759f2	Exact crate/package file or exact upstream commit evidence
num-integer@0.1.47	LICENSE-MIT	files/6485b8ed310d3f0340bf1ad1f47645069ce4069dcc6bb46c7d5c6faf41de1fdb-LICENSE-MIT	6485b8ed310d3f0340bf1ad1f47645069ce4069dcc6bb46c7d5c6faf41de1fdb	Exact crate/package file or exact upstream commit evidence
num-rational@0.4.2	LICENSE-APACHE	files/a60eea817514531668d7e00765731449fe14d059d3249e0bc93b36de45f759f2-LICENSE-APACHE	a60eea817514531668d7e00765731449fe14d059d3249e0bc93b36de45f759f2	Exact locked crate/package file; LF text
num-rational@0.4.2	LICENSE-MIT	files/6485b8ed310d3f0340bf1ad1f47645069ce4069dcc6bb46c7d5c6faf41de1fdb-LICENSE-MIT	6485b8ed310d3f0340bf1ad1f47645069ce4069dcc6bb46c7d5c6faf41de1fdb	Exact locked crate/package file; LF text
num-traits@0.2.19	LICENSE-APACHE	files/a60eea817514531668d7e00765731449fe14d059d3249e0bc93b36de45f759f2-LICENSE-APACHE	a60eea817514531668d7e00765731449fe14d059d3249e0bc93b36de45f759f2	Exact locked crate/package file; private final PDB source/inline provenance; LF text
num-traits@0.2.19	LICENSE-MIT	files/6485b8ed310d3f0340bf1ad1f47645069ce4069dcc6bb46c7d5c6faf41de1fdb-LICENSE-MIT	6485b8ed310d3f0340bf1ad1f47645069ce4069dcc6bb46c7d5c6faf41de1fdb	Exact locked crate/package file; private final PDB source/inline provenance; LF text
objc2-app-kit@0.3.2	LICENSE.md	files/7f976f7e9cb2d87df7230606feb932c3f21ac0e664045a775b600046ff850c54-LICENSE.md	7f976f7e9cb2d87df7230606feb932c3f21ac0e664045a775b600046ff850c54	Exact crate/package file or exact upstream commit evidence
objc2-encode@4.1.0	LICENSE.md	files/7f976f7e9cb2d87df7230606feb932c3f21ac0e664045a775b600046ff850c54-LICENSE.md	7f976f7e9cb2d87df7230606feb932c3f21ac0e664045a775b600046ff850c54	Exact crate/package file or exact upstream commit evidence
objc2-exception-helper@0.1.1	LICENSE.md	files/7f976f7e9cb2d87df7230606feb932c3f21ac0e664045a775b600046ff850c54-LICENSE.md	7f976f7e9cb2d87df7230606feb932c3f21ac0e664045a775b600046ff850c54	Exact crate/package file or exact upstream commit evidence
objc2-foundation@0.3.2	LICENSE.md	files/7f976f7e9cb2d87df7230606feb932c3f21ac0e664045a775b600046ff850c54-LICENSE.md	7f976f7e9cb2d87df7230606feb932c3f21ac0e664045a775b600046ff850c54	Exact crate/package file or exact upstream commit evidence
objc2-web-kit@0.3.2	LICENSE.md	files/7f976f7e9cb2d87df7230606feb932c3f21ac0e664045a775b600046ff850c54-LICENSE.md	7f976f7e9cb2d87df7230606feb932c3f21ac0e664045a775b600046ff850c54	Exact crate/package file or exact upstream commit evidence
objc2@0.6.4	LICENSE.md	files/7f976f7e9cb2d87df7230606feb932c3f21ac0e664045a775b600046ff850c54-LICENSE.md	7f976f7e9cb2d87df7230606feb932c3f21ac0e664045a775b600046ff850c54	Exact crate/package file or exact upstream commit evidence
once_cell@1.21.4	LICENSE-APACHE	files/a60eea817514531668d7e00765731449fe14d059d3249e0bc93b36de45f759f2-LICENSE-APACHE	a60eea817514531668d7e00765731449fe14d059d3249e0bc93b36de45f759f2	Exact crate/package file or exact upstream commit evidence
once_cell@1.21.4	LICENSE-MIT	files/23f18e03dc49df91622fe2a76176497404e46ced8a715d9d2b67a7446571cca3-LICENSE-MIT	23f18e03dc49df91622fe2a76176497404e46ced8a715d9d2b67a7446571cca3	Exact crate/package file or exact upstream commit evidence
parking_lot_core@0.9.12	LICENSE-APACHE	files/a60eea817514531668d7e00765731449fe14d059d3249e0bc93b36de45f759f2-LICENSE-APACHE	a60eea817514531668d7e00765731449fe14d059d3249e0bc93b36de45f759f2	Exact crate/package file or exact upstream commit evidence
parking_lot_core@0.9.12	LICENSE-MIT	files/c9a75f18b9ab2927829a208fc6aa2cf4e63b8420887ba29cdb265d6619ae82d5-LICENSE-MIT	c9a75f18b9ab2927829a208fc6aa2cf4e63b8420887ba29cdb265d6619ae82d5	Exact crate/package file or exact upstream commit evidence
parking_lot@0.12.5	LICENSE-APACHE	files/a60eea817514531668d7e00765731449fe14d059d3249e0bc93b36de45f759f2-LICENSE-APACHE	a60eea817514531668d7e00765731449fe14d059d3249e0bc93b36de45f759f2	Exact crate/package file or exact upstream commit evidence
parking_lot@0.12.5	LICENSE-MIT	files/c9a75f18b9ab2927829a208fc6aa2cf4e63b8420887ba29cdb265d6619ae82d5-LICENSE-MIT	c9a75f18b9ab2927829a208fc6aa2cf4e63b8420887ba29cdb265d6619ae82d5	Exact crate/package file or exact upstream commit evidence
percent-encoding@2.3.2	LICENSE-APACHE	files/a60eea817514531668d7e00765731449fe14d059d3249e0bc93b36de45f759f2-LICENSE-APACHE	a60eea817514531668d7e00765731449fe14d059d3249e0bc93b36de45f759f2	Exact crate/package file or exact upstream commit evidence
percent-encoding@2.3.2	LICENSE-MIT	files/b38f11f6096706e6de553dabe2a7ed142d59b6fa8c97e290c67496154745cdd5-LICENSE-MIT	b38f11f6096706e6de553dabe2a7ed142d59b6fa8c97e290c67496154745cdd5	Exact crate/package file or exact upstream commit evidence
phf_shared@0.13.1	LICENSE	files/0ab4d106b6faac07fb6a051815fd1b4d862d730895e2d7d7358c2f13565e7a38-LICENSE	0ab4d106b6faac07fb6a051815fd1b4d862d730895e2d7d7358c2f13565e7a38	Exact locked crate/package file; LF text
phf@0.13.1	LICENSE	files/0ab4d106b6faac07fb6a051815fd1b4d862d730895e2d7d7358c2f13565e7a38-LICENSE	0ab4d106b6faac07fb6a051815fd1b4d862d730895e2d7d7358c2f13565e7a38	Exact locked crate/package file; LF text
pin-project-lite@0.2.17	LICENSE-APACHE	files/0d542e0c8804e39aa7f37eb00da5a762149dc682d7829451287e11b938e94594-LICENSE-APACHE	0d542e0c8804e39aa7f37eb00da5a762149dc682d7829451287e11b938e94594	Exact locked crate/package file; private final PDB source/inline provenance; LF text
pin-project-lite@0.2.17	LICENSE-MIT	files/23f18e03dc49df91622fe2a76176497404e46ced8a715d9d2b67a7446571cca3-LICENSE-MIT	23f18e03dc49df91622fe2a76176497404e46ced8a715d9d2b67a7446571cca3	Exact locked crate/package file; private final PDB source/inline provenance; LF text
plist@1.10.0	LICENCE	files/5b0ae40d1a35f7ae6591a28e44771240e6a88cb03a66c9189a45b9681639b466-LICENCE	5b0ae40d1a35f7ae6591a28e44771240e6a88cb03a66c9189a45b9681639b466	Exact crate/package file or exact upstream commit evidence
png@0.18.1	LICENSE-APACHE	files/a60eea817514531668d7e00765731449fe14d059d3249e0bc93b36de45f759f2-LICENSE-APACHE	a60eea817514531668d7e00765731449fe14d059d3249e0bc93b36de45f759f2	Exact crate/package file or exact upstream commit evidence
png@0.18.1	LICENSE-MIT	files/eaf40297c75da471f7cda1f3458e8d91b4b2ec866e609527a13acfa93b638652-LICENSE-MIT	eaf40297c75da471f7cda1f3458e8d91b4b2ec866e609527a13acfa93b638652	Exact crate/package file or exact upstream commit evidence
potential_utf@0.1.6	LICENSE	files/f367c1b8e1aa262435251e442901da4607b4650e0e63a026f5044473ecfb90f2-LICENSE	f367c1b8e1aa262435251e442901da4607b4650e0e63a026f5044473ecfb90f2	Exact crate/package file or exact upstream commit evidence
pxfm@0.1.30	LICENSE.md	files/2aa92cada6431e75615e3fe6cb1a9082c98f777d48ae1c087c0da0e37f7b8bff-LICENSE.md	2aa92cada6431e75615e3fe6cb1a9082c98f777d48ae1c087c0da0e37f7b8bff	Exact crate package file; BSD-3-Clause option selected
quick-error@2.0.1	LICENSE-APACHE	files/c6596eb7be8581c18be736c846fb9173b69eccf6ef94c5135893ec56bd92ba08-LICENSE-APACHE	c6596eb7be8581c18be736c846fb9173b69eccf6ef94c5135893ec56bd92ba08	Exact crate package file; corrected pre-existing truncated hash reference
quick-error@2.0.1	LICENSE-MIT	files/058f01fe181608d027fcde7e528fc03ea3cf90f30903c407644b0a9bbc54f500-LICENSE-MIT	058f01fe181608d027fcde7e528fc03ea3cf90f30903c407644b0a9bbc54f500	Exact crate package file
quick-xml@0.41.0	LICENSE-MIT.md	files/5b2c207dcf571267ebe0bbdd5bf321f561ddc22ff597e7b363e96f4539507a29-LICENSE-MIT.md	5b2c207dcf571267ebe0bbdd5bf321f561ddc22ff597e7b363e96f4539507a29	Exact crate/package file or exact upstream commit evidence
raw-window-handle@0.6.2	LICENSE-APACHE.md	files/0d542e0c8804e39aa7f37eb00da5a762149dc682d7829451287e11b938e94594-LICENSE-APACHE	0d542e0c8804e39aa7f37eb00da5a762149dc682d7829451287e11b938e94594	Exact crate/package file or exact upstream commit evidence
raw-window-handle@0.6.2	LICENSE-MIT.md	files/9c5a80639a57c1c945570e7ebbca0706305849ce3c098021325cca9db2f7acc4-LICENSE-MIT.md	9c5a80639a57c1c945570e7ebbca0706305849ce3c098021325cca9db2f7acc4	Exact crate/package file or exact upstream commit evidence
raw-window-handle@0.6.2	LICENSE-ZLIB.md	files/ae895c8576e682f310fb70d93d9f99b1dd82872094c54a8f6cdfe2ca5c2d6ecb-LICENSE-ZLIB.md	ae895c8576e682f310fb70d93d9f99b1dd82872094c54a8f6cdfe2ca5c2d6ecb	Exact crate/package file or exact upstream commit evidence
react-dom@19.2.8	LICENSE	files/da6d3703ed11cbe42bd212c725957c98da23cbff1998c05fa4b3d976d1a58e93-LICENSE	da6d3703ed11cbe42bd212c725957c98da23cbff1998c05fa4b3d976d1a58e93	Exact crate/package file or exact upstream commit evidence
react@19.2.8	LICENSE	files/da6d3703ed11cbe42bd212c725957c98da23cbff1998c05fa4b3d976d1a58e93-LICENSE	da6d3703ed11cbe42bd212c725957c98da23cbff1998c05fa4b3d976d1a58e93	Exact crate/package file or exact upstream commit evidence
referencing@0.54.0	LICENSE	files/117829c3ca21efb132d81a44b55363d395ab8eea18526873bc828da4c0e5f038-LICENSE	117829c3ca21efb132d81a44b55363d395ab8eea18526873bc828da4c0e5f038	Exact crate/package file or exact upstream commit evidence
regex-automata@0.4.18	LICENSE-APACHE	files/a60eea817514531668d7e00765731449fe14d059d3249e0bc93b36de45f759f2-LICENSE-APACHE	a60eea817514531668d7e00765731449fe14d059d3249e0bc93b36de45f759f2	Exact crate/package file or exact upstream commit evidence
regex-automata@0.4.18	LICENSE-MIT	files/6485b8ed310d3f0340bf1ad1f47645069ce4069dcc6bb46c7d5c6faf41de1fdb-LICENSE-MIT	6485b8ed310d3f0340bf1ad1f47645069ce4069dcc6bb46c7d5c6faf41de1fdb	Exact crate/package file or exact upstream commit evidence
regex-syntax@0.8.11	LICENSE-APACHE	files/a60eea817514531668d7e00765731449fe14d059d3249e0bc93b36de45f759f2-LICENSE-APACHE	a60eea817514531668d7e00765731449fe14d059d3249e0bc93b36de45f759f2	Exact crate/package file or exact upstream commit evidence
regex-syntax@0.8.11	LICENSE-MIT	files/6485b8ed310d3f0340bf1ad1f47645069ce4069dcc6bb46c7d5c6faf41de1fdb-LICENSE-MIT	6485b8ed310d3f0340bf1ad1f47645069ce4069dcc6bb46c7d5c6faf41de1fdb	Exact crate/package file or exact upstream commit evidence
regex@1.13.1	LICENSE-APACHE	files/a60eea817514531668d7e00765731449fe14d059d3249e0bc93b36de45f759f2-LICENSE-APACHE	a60eea817514531668d7e00765731449fe14d059d3249e0bc93b36de45f759f2	Exact crate/package file or exact upstream commit evidence
regex@1.13.1	LICENSE-MIT	files/6485b8ed310d3f0340bf1ad1f47645069ce4069dcc6bb46c7d5c6faf41de1fdb-LICENSE-MIT	6485b8ed310d3f0340bf1ad1f47645069ce4069dcc6bb46c7d5c6faf41de1fdb	Exact crate/package file or exact upstream commit evidence
reqwest@0.13.4	LICENSE-APACHE	files/751963a8b88c0e3a9f27e98933079fbcf09b9998b2c13ac49c2e4d58444520d6-LICENSE-APACHE	751963a8b88c0e3a9f27e98933079fbcf09b9998b2c13ac49c2e4d58444520d6	Exact crate/package file or exact upstream commit evidence
reqwest@0.13.4	LICENSE-MIT	files/dd87e27dfbaa888cb77ea34592648a7743636b8dce07e49543bddda0fcfc73bc-LICENSE-MIT	dd87e27dfbaa888cb77ea34592648a7743636b8dce07e49543bddda0fcfc73bc	Exact crate/package file or exact upstream commit evidence
rfd@0.16.0	LICENSE	files/65fc947f4bac882a2cd104ef73c246b1b037059df9f2b3a58b7f77f0b9e56071-LICENSE	65fc947f4bac882a2cd104ef73c246b1b037059df9f2b3a58b7f77f0b9e56071	Exact crate/package file or exact upstream commit evidence
rolldown@1.2.7	ROLLDOWN-LICENSE.txt	files/23ecfff35a5a2e80d92142f75228912c3b1abc4b5a8337a821ff4397e2f9f734-ROLLDOWN-LICENSE.txt	23ecfff35a5a2e80d92142f75228912c3b1abc4b5a8337a821ff4397e2f9f734	Original locked package license; actual retained generated frontend module evidence
rusqlite@0.40.2	LICENSE	files/c10c1f27337546471e5f7e4e97fdd398b35b9d4e126115dcd22de8d8e65abf6f-LICENSE	c10c1f27337546471e5f7e4e97fdd398b35b9d4e126115dcd22de8d8e65abf6f	Exact crate/package file or exact upstream commit evidence
Rust compiler-builtins@0.1.160	RUST-COMPILER-BUILTINS-0.1.160-LICENSE.txt	files/ab6eec6caf0fa5775e411c7a8bc6a45c4ef2956b0980b157ab74fc5cd62a928b-RUST-COMPILER-BUILTINS-0.1.160-LICENSE.txt	ab6eec6caf0fa5775e411c7a8bc6a45c4ef2956b0980b157ab74fc5cd62a928b	Exact Rust official compiler commit 48a229ceaefd4985c50990b14116b6d856af0985
Rust core/alloc in nsis-tauri-utils@toolchain version unpublished	LICENSE-APACHE	files/62c7a1e35f56406896d7aa7ca52d0cc0d272ac022b5d2796e7d6905db8a3636a-LICENSE-APACHE	62c7a1e35f56406896d7aa7ca52d0cc0d272ac022b5d2796e7d6905db8a3636a	Rust project original license; upstream plugin is no_std, toolchain patch version not published
Rust core/alloc in nsis-tauri-utils@toolchain version unpublished	LICENSE-MIT	files/b71bd43a069ca0641a9ecfe585ca7b3c53b5cc1608f8b68321168698e28b5ea1-LICENSE-MIT	b71bd43a069ca0641a9ecfe585ca7b3c53b5cc1608f8b68321168698e28b5ea1	Rust project original license; upstream plugin is no_std, toolchain patch version not published
Rust standard library/runtime@1.98.1 (48a229ceaefd4985c50990b14116b6d856af0985)	COPYRIGHT	files/172020dbfd5b53a226dfde77616190a48dcff519b0bc0e6deb91a8450782c4af-COPYRIGHT	172020dbfd5b53a226dfde77616190a48dcff519b0bc0e6deb91a8450782c4af	Rust official repository at compiler commit 48a229ceaefd4985c50990b14116b6d856af0985
Rust standard library/runtime@1.98.1 (48a229ceaefd4985c50990b14116b6d856af0985)	LICENSE-APACHE	files/62c7a1e35f56406896d7aa7ca52d0cc0d272ac022b5d2796e7d6905db8a3636a-LICENSE-APACHE	62c7a1e35f56406896d7aa7ca52d0cc0d272ac022b5d2796e7d6905db8a3636a	Rust official repository at compiler commit 48a229ceaefd4985c50990b14116b6d856af0985
Rust standard library/runtime@1.98.1 (48a229ceaefd4985c50990b14116b6d856af0985)	license-metadata.json	files/7bed295fb8d5ddc54ef9e7c795b18207d8da747513ae83fce9748e840200b40c-license-metadata.json	7bed295fb8d5ddc54ef9e7c795b18207d8da747513ae83fce9748e840200b40c	Rust official repository at compiler commit 48a229ceaefd4985c50990b14116b6d856af0985
Rust standard library/runtime@1.98.1 (48a229ceaefd4985c50990b14116b6d856af0985)	LICENSE-MIT	files/b71bd43a069ca0641a9ecfe585ca7b3c53b5cc1608f8b68321168698e28b5ea1-LICENSE-MIT	b71bd43a069ca0641a9ecfe585ca7b3c53b5cc1608f8b68321168698e28b5ea1	Rust official repository at compiler commit 48a229ceaefd4985c50990b14116b6d856af0985
rustix@1.1.4	COPYRIGHT	files/377c2e7c53250cc5905c0b0532d35973392af16ffb9596a41d99d202cf3617c9-COPYRIGHT	377c2e7c53250cc5905c0b0532d35973392af16ffb9596a41d99d202cf3617c9	Exact crate/package file or exact upstream commit evidence
rustix@1.1.4	LICENSE-APACHE	files/a60eea817514531668d7e00765731449fe14d059d3249e0bc93b36de45f759f2-LICENSE-APACHE	a60eea817514531668d7e00765731449fe14d059d3249e0bc93b36de45f759f2	Exact crate/package file or exact upstream commit evidence
rustix@1.1.4	LICENSE-Apache-2.0_WITH_LLVM-exception	files/268872b9816f90fd8e85db5a28d33f8150ebb8dd016653fb39ef1f94f2686bc5-LICENSE-Apache-2.0_WITH_LLVM-exception	268872b9816f90fd8e85db5a28d33f8150ebb8dd016653fb39ef1f94f2686bc5	Exact crate/package file or exact upstream commit evidence
rustix@1.1.4	LICENSE-MIT	files/23f18e03dc49df91622fe2a76176497404e46ced8a715d9d2b67a7446571cca3-LICENSE-MIT	23f18e03dc49df91622fe2a76176497404e46ced8a715d9d2b67a7446571cca3	Exact crate/package file or exact upstream commit evidence
rustls-pki-types@1.15.1	LICENSE-APACHE	files/45fd05c4865e7c350b98ad7ac50e1b15462d49af4a91e9b0c9dd933dc9a69742-LICENSE-APACHE	45fd05c4865e7c350b98ad7ac50e1b15462d49af4a91e9b0c9dd933dc9a69742	Exact crate/package file or exact upstream commit evidence
rustls-pki-types@1.15.1	LICENSE-MIT	files/9117d922e667125508dde62b02c1f57ed22f5ad21eb536aa2e2d99e1c796e639-LICENSE-MIT	9117d922e667125508dde62b02c1f57ed22f5ad21eb536aa2e2d99e1c796e639	Exact crate/package file or exact upstream commit evidence
rustls-platform-verifier@0.7.0	LICENSE-APACHE	files/c71d239df91726fc519c6eb72d318ec65820627232b2f796219e87dcf35d0ab4-LICENSE-APACHE	c71d239df91726fc519c6eb72d318ec65820627232b2f796219e87dcf35d0ab4	Exact crate/package file or exact upstream commit evidence
rustls-platform-verifier@0.7.0	LICENSE-MIT	files/1c7cf76689c837a68ed8d704994e52a0f2940c087958f860d17f3186afbdcc0c-LICENSE-MIT	1c7cf76689c837a68ed8d704994e52a0f2940c087958f860d17f3186afbdcc0c	Exact crate/package file or exact upstream commit evidence
rustls-webpki@0.103.15	LICENSE	files/5b698ca13897be3afdb7174256fa1574f8c6892b8bea1a66dd6469d3fe27885a-LICENSE	5b698ca13897be3afdb7174256fa1574f8c6892b8bea1a66dd6469d3fe27885a	Exact crate/package file or exact upstream commit evidence
rustls@0.23.45	LICENSE-APACHE	files/a60eea817514531668d7e00765731449fe14d059d3249e0bc93b36de45f759f2-LICENSE-APACHE	a60eea817514531668d7e00765731449fe14d059d3249e0bc93b36de45f759f2	Exact crate/package file or exact upstream commit evidence
rustls@0.23.45	LICENSE-ISC	files/7cfafc877eccc46c0e346ccbaa5c51bb6b894d2b818e617d970211e232785ad4-LICENSE-ISC	7cfafc877eccc46c0e346ccbaa5c51bb6b894d2b818e617d970211e232785ad4	Exact crate/package file or exact upstream commit evidence
rustls@0.23.45	LICENSE-MIT	files/709e3175b4212f7b13aa93971c9f62ff8c69ec45ad8c6532a7e0c41d7a7d6f8c-LICENSE-MIT	709e3175b4212f7b13aa93971c9f62ff8c69ec45ad8c6532a7e0c41d7a7d6f8c	Exact crate/package file or exact upstream commit evidence
same-file@1.0.6	COPYING	files/01c266bced4a434da0051174d6bee16a4c82cf634e2679b6155d40d75012390f-COPYING	01c266bced4a434da0051174d6bee16a4c82cf634e2679b6155d40d75012390f	Exact crate/package file or exact upstream commit evidence
same-file@1.0.6	LICENSE-MIT	files/cb3c929a05e6cbc9de9ab06a4c57eeb60ca8c724bef6c138c87d3a577e27aa14-LICENSE-MIT	cb3c929a05e6cbc9de9ab06a4c57eeb60ca8c724bef6c138c87d3a577e27aa14	Exact crate/package file or exact upstream commit evidence
scheduler@0.27.0	LICENSE	files/da6d3703ed11cbe42bd212c725957c98da23cbff1998c05fa4b3d976d1a58e93-LICENSE	da6d3703ed11cbe42bd212c725957c98da23cbff1998c05fa4b3d976d1a58e93	Exact crate/package file or exact upstream commit evidence
security-framework-sys@2.17.0	LICENSE-APACHE	files/a60eea817514531668d7e00765731449fe14d059d3249e0bc93b36de45f759f2-LICENSE-APACHE	a60eea817514531668d7e00765731449fe14d059d3249e0bc93b36de45f759f2	Exact crate/package file or exact upstream commit evidence
security-framework-sys@2.17.0	LICENSE-MIT	files/91e934255ba3b2f21103d68c5581c23ef34aa95c4628e4405b8c901935e11c69-LICENSE-MIT	91e934255ba3b2f21103d68c5581c23ef34aa95c4628e4405b8c901935e11c69	Exact crate/package file or exact upstream commit evidence
security-framework@3.7.0	LICENSE-APACHE	files/a60eea817514531668d7e00765731449fe14d059d3249e0bc93b36de45f759f2-LICENSE-APACHE	a60eea817514531668d7e00765731449fe14d059d3249e0bc93b36de45f759f2	Exact crate/package file or exact upstream commit evidence
security-framework@3.7.0	LICENSE-MIT	files/91e934255ba3b2f21103d68c5581c23ef34aa95c4628e4405b8c901935e11c69-LICENSE-MIT	91e934255ba3b2f21103d68c5581c23ef34aa95c4628e4405b8c901935e11c69	Exact crate/package file or exact upstream commit evidence
semver@1.0-series (nsis-tauri-utils plugin; exact patch unpublished)	LICENSE-MIT	files/23f18e03dc49df91622fe2a76176497404e46ced8a715d9d2b67a7446571cca3-LICENSE-MIT	23f18e03dc49df91622fe2a76176497404e46ced8a715d9d2b67a7446571cca3	Plugin source binds semver 1.0 without default features; identical MIT text verified at upstream 1.0.0 and 1.0.28; not an assertion of resolved patch version
semver@1.0.28	LICENSE-APACHE	files/62c7a1e35f56406896d7aa7ca52d0cc0d272ac022b5d2796e7d6905db8a3636a-LICENSE-APACHE	62c7a1e35f56406896d7aa7ca52d0cc0d272ac022b5d2796e7d6905db8a3636a	Exact crate/package file or exact upstream commit evidence
semver@1.0.28	LICENSE-MIT	files/23f18e03dc49df91622fe2a76176497404e46ced8a715d9d2b67a7446571cca3-LICENSE-MIT	23f18e03dc49df91622fe2a76176497404e46ced8a715d9d2b67a7446571cca3	Exact crate/package file or exact upstream commit evidence
serde_core@1.0.229	LICENSE-APACHE	files/62c7a1e35f56406896d7aa7ca52d0cc0d272ac022b5d2796e7d6905db8a3636a-LICENSE-APACHE	62c7a1e35f56406896d7aa7ca52d0cc0d272ac022b5d2796e7d6905db8a3636a	Exact crate/package file or exact upstream commit evidence
serde_core@1.0.229	LICENSE-MIT	files/23f18e03dc49df91622fe2a76176497404e46ced8a715d9d2b67a7446571cca3-LICENSE-MIT	23f18e03dc49df91622fe2a76176497404e46ced8a715d9d2b67a7446571cca3	Exact crate/package file or exact upstream commit evidence
serde_json@1.0.151	LICENSE-APACHE	files/62c7a1e35f56406896d7aa7ca52d0cc0d272ac022b5d2796e7d6905db8a3636a-LICENSE-APACHE	62c7a1e35f56406896d7aa7ca52d0cc0d272ac022b5d2796e7d6905db8a3636a	Exact crate/package file or exact upstream commit evidence
serde_json@1.0.151	LICENSE-MIT	files/23f18e03dc49df91622fe2a76176497404e46ced8a715d9d2b67a7446571cca3-LICENSE-MIT	23f18e03dc49df91622fe2a76176497404e46ced8a715d9d2b67a7446571cca3	Exact crate/package file or exact upstream commit evidence
serde_spanned@1.1.1	LICENSE-APACHE	files/c6596eb7be8581c18be736c846fb9173b69eccf6ef94c5135893ec56bd92ba08-LICENSE-APACHE	c6596eb7be8581c18be736c846fb9173b69eccf6ef94c5135893ec56bd92ba08	Exact locked crate/package file; private final PDB source/inline provenance; LF text
serde_spanned@1.1.1	LICENSE-MIT	files/6efb0476a1cc085077ed49357026d8c173bf33017278ef440f222fb9cbcb66e6-LICENSE-MIT	6efb0476a1cc085077ed49357026d8c173bf33017278ef440f222fb9cbcb66e6	Exact locked crate/package file; private final PDB source/inline provenance; LF text
serde-untagged@0.1.9	LICENSE-APACHE	files/62c7a1e35f56406896d7aa7ca52d0cc0d272ac022b5d2796e7d6905db8a3636a-LICENSE-APACHE	62c7a1e35f56406896d7aa7ca52d0cc0d272ac022b5d2796e7d6905db8a3636a	Exact crate/package file or exact upstream commit evidence
serde-untagged@0.1.9	LICENSE-MIT	files/23f18e03dc49df91622fe2a76176497404e46ced8a715d9d2b67a7446571cca3-LICENSE-MIT	23f18e03dc49df91622fe2a76176497404e46ced8a715d9d2b67a7446571cca3	Exact crate/package file or exact upstream commit evidence
serde@1.0.229	LICENSE-APACHE	files/62c7a1e35f56406896d7aa7ca52d0cc0d272ac022b5d2796e7d6905db8a3636a-LICENSE-APACHE	62c7a1e35f56406896d7aa7ca52d0cc0d272ac022b5d2796e7d6905db8a3636a	Exact crate/package file or exact upstream commit evidence
serde@1.0.229	LICENSE-MIT	files/23f18e03dc49df91622fe2a76176497404e46ced8a715d9d2b67a7446571cca3-LICENSE-MIT	23f18e03dc49df91622fe2a76176497404e46ced8a715d9d2b67a7446571cca3	Exact crate/package file or exact upstream commit evidence
serialize-to-javascript@0.1.2	LICENSE-APACHE	files/c71d239df91726fc519c6eb72d318ec65820627232b2f796219e87dcf35d0ab4-LICENSE-APACHE	c71d239df91726fc519c6eb72d318ec65820627232b2f796219e87dcf35d0ab4	Exact crate/package file or exact upstream commit evidence
serialize-to-javascript@0.1.2	LICENSE-MIT	files/e53a7165e8bc3ced5e5628404b3d2d28ecc14ad720f1c09ba28385d5151ecf93-LICENSE-MIT	e53a7165e8bc3ced5e5628404b3d2d28ecc14ad720f1c09ba28385d5151ecf93	Exact crate/package file or exact upstream commit evidence
sha2@0.10.9	LICENSE-APACHE	files/a9040321c3712d8fd0b09cf52b17445de04a23a10165049ae187cd39e5c86be5-LICENSE-APACHE	a9040321c3712d8fd0b09cf52b17445de04a23a10165049ae187cd39e5c86be5	Exact crate/package file or exact upstream commit evidence
sha2@0.10.9	LICENSE-MIT	files/b4eb00df6e2a4d22518fcaa6a2b4646f249b3a3c9814509b22bd2091f1392ff1-LICENSE-MIT	b4eb00df6e2a4d22518fcaa6a2b4646f249b3a3c9814509b22bd2091f1392ff1	Exact crate/package file or exact upstream commit evidence
simd-adler32@0.3.10	LICENSE.md	files/42a35170233e83e18856792e748de4c1ce4a63b2afce9a370c89ef3fe23f9f2d-LICENSE.md	42a35170233e83e18856792e748de4c1ce4a63b2afce9a370c89ef3fe23f9f2d	Exact crate/package file or exact upstream commit evidence
siphasher@1.0.3	COPYING	files/c962ee4d1d05ddc138b202b2540219ebc57893fcf97b364852094a9a94ce1365-COPYING	c962ee4d1d05ddc138b202b2540219ebc57893fcf97b364852094a9a94ce1365	Exact locked crate/package file; private final PDB source/inline provenance; LF text
smallvec@1.16.0	LICENSE-APACHE	files/a60eea817514531668d7e00765731449fe14d059d3249e0bc93b36de45f759f2-LICENSE-APACHE	a60eea817514531668d7e00765731449fe14d059d3249e0bc93b36de45f759f2	Exact locked crate/package file; LF text
smallvec@1.16.0	LICENSE-MIT	files/0b28172679e0009b655da42797c03fd163a3379d5cfa67ba1f1655e974a2a1a9-LICENSE-MIT	0b28172679e0009b655da42797c03fd163a3379d5cfa67ba1f1655e974a2a1a9	Exact locked crate/package file; LF text
socket2@0.6.5	LICENSE-APACHE	files/a60eea817514531668d7e00765731449fe14d059d3249e0bc93b36de45f759f2-LICENSE-APACHE	a60eea817514531668d7e00765731449fe14d059d3249e0bc93b36de45f759f2	Exact crate/package file or exact upstream commit evidence
socket2@0.6.5	LICENSE-MIT	files/378f5840b258e2779c39418f3f2d7b2ba96f1c7917dd6be0713f88305dbda397-LICENSE-MIT	378f5840b258e2779c39418f3f2d7b2ba96f1c7917dd6be0713f88305dbda397	Exact crate/package file or exact upstream commit evidence
softbuffer@0.4.8	LICENSE-APACHE	files/a4445427440043e8ce6fadf7a43fb906cb0d7f6c573a560a9f142cf9f9bf8ff4-LICENSE-APACHE	a4445427440043e8ce6fadf7a43fb906cb0d7f6c573a560a9f142cf9f9bf8ff4	Exact locked crate/package file; LF text
softbuffer@0.4.8	LICENSE-MIT	files/0463bfa47d6d763d8c824333efb0e6d6df3946c13c3b077c78ed9f23ca50d0f2-LICENSE-MIT	0463bfa47d6d763d8c824333efb0e6d6df3946c13c3b077c78ed9f23ca50d0f2	Exact locked crate/package file; LF text
SQLite amalgamation@3.53.2 / source id d6e03d8c777cfa2d35e3b60d8ec3e0187f3e9f99d8e2ee9cac695fd6fcdf1a24	SQLITE-3.53.2-PUBLIC-DOMAIN-BLESSING.txt	files/2ad384351807927295c55a177c56ef5be0677209c70c7660b38c7d5f3eeb9956-SQLITE-3.53.2-PUBLIC-DOMAIN-BLESSING.txt	2ad384351807927295c55a177c56ef5be0677209c70c7660b38c7d5f3eeb9956	Exact bundled sqlite3.c header from libsqlite3-sys 0.38.2
subtle@2.6.1	LICENSE	files/d1fc1bc0d155df60b2e7705b6b2ae02a05c96f948e1cec6e2fb86360b09f346b-LICENSE	d1fc1bc0d155df60b2e7705b6b2ae02a05c96f948e1cec6e2fb86360b09f346b	Exact locked crate/package file; private final PDB source/inline provenance; LF text
sync_wrapper@1.0.2	LICENSE	files/0d542e0c8804e39aa7f37eb00da5a762149dc682d7829451287e11b938e94594-LICENSE-APACHE	0d542e0c8804e39aa7f37eb00da5a762149dc682d7829451287e11b938e94594	Exact locked crate/package file; private final PDB source/inline provenance; LF text
tao@0.35.3	LICENSE	files/6dc0e068dcf3a5bc8e054205b85b7720e1d49265bbc64bf515d2cf79197df69a-LICENSE	6dc0e068dcf3a5bc8e054205b85b7720e1d49265bbc64bf515d2cf79197df69a	Exact crate/package file or exact upstream commit evidence
tao@0.35.3	LICENSE.spdx	files/02b6448337b757772d90e5f31caaa0f9e6afaad2221c01771d0a3deaa4d4196c-LICENSE.spdx	02b6448337b757772d90e5f31caaa0f9e6afaad2221c01771d0a3deaa4d4196c	Exact crate/package file or exact upstream commit evidence
Tauri NSIS installer template@2.11.4	LICENSE_APACHE-2.0	files/0d542e0c8804e39aa7f37eb00da5a762149dc682d7829451287e11b938e94594-LICENSE-APACHE	0d542e0c8804e39aa7f37eb00da5a762149dc682d7829451287e11b938e94594	Exact locked @tauri-apps/cli 2.11.4 package; upstream commit 8909f221d1515955fc843808032bdc5d62209c96
Tauri NSIS installer template@2.11.4	LICENSE_MIT	files/9dd42ea92cff2ede5cd477cbfcce051b2d0115c0ac7f368ee88cb545055dff1d-LICENSE_MIT	9dd42ea92cff2ede5cd477cbfcce051b2d0115c0ac7f368ee88cb545055dff1d	Exact locked @tauri-apps/cli 2.11.4 package; upstream commit 8909f221d1515955fc843808032bdc5d62209c96
tauri-plugin-dialog@2.7.3	LICENSE_APACHE-2.0	files/0cec06e0e55fbc3dc5cee4fca9b607f66cb8f4e4dbcf3b3c013594dd156732e9-LICENSE_APACHE-2.0	0cec06e0e55fbc3dc5cee4fca9b607f66cb8f4e4dbcf3b3c013594dd156732e9	Exact crate/package file or exact upstream commit evidence
tauri-plugin-dialog@2.7.3	LICENSE_MIT	files/89ff9689dcf9dd53968785d05a26f7898bb169dbfcada8d032b3e68cf0d55607-LICENSE_MIT	89ff9689dcf9dd53968785d05a26f7898bb169dbfcada8d032b3e68cf0d55607	Exact crate/package file or exact upstream commit evidence
tauri-plugin-dialog@2.7.3	LICENSE.spdx	files/eb8a6c84630461b352badcab1dbe5d0168c56d377358b2b8c86b51003272d5ef-LICENSE.spdx	eb8a6c84630461b352badcab1dbe5d0168c56d377358b2b8c86b51003272d5ef	Exact crate/package file or exact upstream commit evidence
tauri-plugin-fs@2.5.2	LICENSE_APACHE-2.0	files/0cec06e0e55fbc3dc5cee4fca9b607f66cb8f4e4dbcf3b3c013594dd156732e9-LICENSE_APACHE-2.0	0cec06e0e55fbc3dc5cee4fca9b607f66cb8f4e4dbcf3b3c013594dd156732e9	Exact crate/package file or exact upstream commit evidence
tauri-plugin-fs@2.5.2	LICENSE_MIT	files/89ff9689dcf9dd53968785d05a26f7898bb169dbfcada8d032b3e68cf0d55607-LICENSE_MIT	89ff9689dcf9dd53968785d05a26f7898bb169dbfcada8d032b3e68cf0d55607	Exact crate/package file or exact upstream commit evidence
tauri-plugin-fs@2.5.2	LICENSE.spdx	files/eb8a6c84630461b352badcab1dbe5d0168c56d377358b2b8c86b51003272d5ef-LICENSE.spdx	eb8a6c84630461b352badcab1dbe5d0168c56d377358b2b8c86b51003272d5ef	Exact crate/package file or exact upstream commit evidence
tauri-runtime-wry@2.11.4	LICENSE_APACHE-2.0	files/0d542e0c8804e39aa7f37eb00da5a762149dc682d7829451287e11b938e94594-LICENSE-APACHE	0d542e0c8804e39aa7f37eb00da5a762149dc682d7829451287e11b938e94594	Exact crate/package file or exact upstream commit evidence
tauri-runtime-wry@2.11.4	LICENSE_MIT	files/9dd42ea92cff2ede5cd477cbfcce051b2d0115c0ac7f368ee88cb545055dff1d-LICENSE_MIT	9dd42ea92cff2ede5cd477cbfcce051b2d0115c0ac7f368ee88cb545055dff1d	Exact crate/package file or exact upstream commit evidence
tauri-runtime@2.11.3	LICENSE_APACHE-2.0	files/0d542e0c8804e39aa7f37eb00da5a762149dc682d7829451287e11b938e94594-LICENSE-APACHE	0d542e0c8804e39aa7f37eb00da5a762149dc682d7829451287e11b938e94594	Exact crate/package file or exact upstream commit evidence
tauri-runtime@2.11.3	LICENSE_MIT	files/9dd42ea92cff2ede5cd477cbfcce051b2d0115c0ac7f368ee88cb545055dff1d-LICENSE_MIT	9dd42ea92cff2ede5cd477cbfcce051b2d0115c0ac7f368ee88cb545055dff1d	Exact crate/package file or exact upstream commit evidence
tauri-utils@2.9.3	LICENSE_APACHE-2.0	files/0d542e0c8804e39aa7f37eb00da5a762149dc682d7829451287e11b938e94594-LICENSE-APACHE	0d542e0c8804e39aa7f37eb00da5a762149dc682d7829451287e11b938e94594	Exact crate/package file or exact upstream commit evidence
tauri-utils@2.9.3	LICENSE_MIT	files/9dd42ea92cff2ede5cd477cbfcce051b2d0115c0ac7f368ee88cb545055dff1d-LICENSE_MIT	9dd42ea92cff2ede5cd477cbfcce051b2d0115c0ac7f368ee88cb545055dff1d	Exact crate/package file or exact upstream commit evidence
tauri@2.11.5	LICENSE_APACHE-2.0	files/0d542e0c8804e39aa7f37eb00da5a762149dc682d7829451287e11b938e94594-LICENSE-APACHE	0d542e0c8804e39aa7f37eb00da5a762149dc682d7829451287e11b938e94594	Exact crate/package file or exact upstream commit evidence
tauri@2.11.5	LICENSE_MIT	files/9dd42ea92cff2ede5cd477cbfcce051b2d0115c0ac7f368ee88cb545055dff1d-LICENSE_MIT	9dd42ea92cff2ede5cd477cbfcce051b2d0115c0ac7f368ee88cb545055dff1d	Exact crate/package file or exact upstream commit evidence
tempfile@3.27.0	LICENSE-APACHE	files/a60eea817514531668d7e00765731449fe14d059d3249e0bc93b36de45f759f2-LICENSE-APACHE	a60eea817514531668d7e00765731449fe14d059d3249e0bc93b36de45f759f2	Exact crate/package file or exact upstream commit evidence
tempfile@3.27.0	LICENSE-MIT	files/8b427f5bc501764575e52ba4f9d95673cf8f6d80a86d0d06599852e1a9a20a36-LICENSE-MIT	8b427f5bc501764575e52ba4f9d95673cf8f6d80a86d0d06599852e1a9a20a36	Exact crate/package file or exact upstream commit evidence
thiserror@1.0.69	LICENSE-APACHE	files/62c7a1e35f56406896d7aa7ca52d0cc0d272ac022b5d2796e7d6905db8a3636a-LICENSE-APACHE	62c7a1e35f56406896d7aa7ca52d0cc0d272ac022b5d2796e7d6905db8a3636a	Exact locked crate/package file; private final PDB source/inline provenance; LF text
thiserror@1.0.69	LICENSE-MIT	files/23f18e03dc49df91622fe2a76176497404e46ced8a715d9d2b67a7446571cca3-LICENSE-MIT	23f18e03dc49df91622fe2a76176497404e46ced8a715d9d2b67a7446571cca3	Exact locked crate/package file; private final PDB source/inline provenance; LF text
thiserror@2.0.20	LICENSE-APACHE	files/62c7a1e35f56406896d7aa7ca52d0cc0d272ac022b5d2796e7d6905db8a3636a-LICENSE-APACHE	62c7a1e35f56406896d7aa7ca52d0cc0d272ac022b5d2796e7d6905db8a3636a	Exact locked crate/package file; private final PDB source/inline provenance; LF text
thiserror@2.0.20	LICENSE-MIT	files/23f18e03dc49df91622fe2a76176497404e46ced8a715d9d2b67a7446571cca3-LICENSE-MIT	23f18e03dc49df91622fe2a76176497404e46ced8a715d9d2b67a7446571cca3	Exact locked crate/package file; private final PDB source/inline provenance; LF text
time-core@0.1.9	LICENSE-Apache	files/0d542e0c8804e39aa7f37eb00da5a762149dc682d7829451287e11b938e94594-LICENSE-APACHE	0d542e0c8804e39aa7f37eb00da5a762149dc682d7829451287e11b938e94594	Exact locked crate/package file; private final PDB source/inline provenance; LF text
time-core@0.1.9	LICENSE-MIT	files/2537228d9a1b44a5dc595241349cae7090b326c8de165aaf89bfddef4a00d0fc-LICENSE-MIT	2537228d9a1b44a5dc595241349cae7090b326c8de165aaf89bfddef4a00d0fc	Exact locked crate/package file; private final PDB source/inline provenance; LF text
time@0.3.55	LICENSE-Apache	files/0d542e0c8804e39aa7f37eb00da5a762149dc682d7829451287e11b938e94594-LICENSE-APACHE	0d542e0c8804e39aa7f37eb00da5a762149dc682d7829451287e11b938e94594	Exact crate/package file or exact upstream commit evidence
time@0.3.55	LICENSE-MIT	files/2537228d9a1b44a5dc595241349cae7090b326c8de165aaf89bfddef4a00d0fc-LICENSE-MIT	2537228d9a1b44a5dc595241349cae7090b326c8de165aaf89bfddef4a00d0fc	Exact crate/package file or exact upstream commit evidence
tinystr@0.8.4	LICENSE	files/f367c1b8e1aa262435251e442901da4607b4650e0e63a026f5044473ecfb90f2-LICENSE	f367c1b8e1aa262435251e442901da4607b4650e0e63a026f5044473ecfb90f2	Exact locked crate/package file; private final PDB source/inline provenance; LF text
tinyvec_macros@0.1.1	LICENSE-APACHE.md	files/4f44572785f35152c1fd2eadf565b7e079c0f300b4324f0af653419f9d76b735-LICENSE-APACHE.md	4f44572785f35152c1fd2eadf565b7e079c0f300b4324f0af653419f9d76b735	Exact locked upstream crate archive; https://github.com/Soveu/tinyvec_macros/tree/860c23a09d91c8b9203134a81de7888b7191d5f2
tinyvec_macros@0.1.1	LICENSE-MIT.md	files/1dd8eca0f83669e75fa119e34fb9e1be9d16e3e9b6368962b8019db6e8ae5f7b-LICENSE-MIT.md	1dd8eca0f83669e75fa119e34fb9e1be9d16e3e9b6368962b8019db6e8ae5f7b	Exact locked upstream crate archive; https://github.com/Soveu/tinyvec_macros/tree/860c23a09d91c8b9203134a81de7888b7191d5f2
tinyvec_macros@0.1.1	LICENSE-ZLIB.md	files/41ace205715d9f19a3214218cc1c01d57c533e02cd0fef7c8e51a49a7fce5ac5-LICENSE-ZLIB.md	41ace205715d9f19a3214218cc1c01d57c533e02cd0fef7c8e51a49a7fce5ac5	Exact locked upstream crate archive; https://github.com/Soveu/tinyvec_macros/tree/860c23a09d91c8b9203134a81de7888b7191d5f2
tinyvec@1.13.2	LICENSE-APACHE.md	files/cfc7749b96f63bd31c3c42b5c471bf756814053e847c10f3eb003417bc523d30-LICENSE-APACHE	cfc7749b96f63bd31c3c42b5c471bf756814053e847c10f3eb003417bc523d30	Exact locked upstream crate archive; https://github.com/Lokathor/tinyvec/tree/5ae3e523dd46392d45f929591889430d1438ae5e
tinyvec@1.13.2	LICENSE-MIT.md	files/fd80a26fbb3f644af1fa994134446702932968519797227e07a1368dea80f0bc-LICENSE-MIT	fd80a26fbb3f644af1fa994134446702932968519797227e07a1368dea80f0bc	Exact locked upstream crate archive; https://github.com/Lokathor/tinyvec/tree/5ae3e523dd46392d45f929591889430d1438ae5e
tinyvec@1.13.2	LICENSE-ZLIB.md	files/84b34dd7608f7fb9b17bd588a6bf392bf7de504e2716f024a77d89f1b145a151-LICENSE-ZLIB	84b34dd7608f7fb9b17bd588a6bf392bf7de504e2716f024a77d89f1b145a151	Exact locked upstream crate archive; https://github.com/Lokathor/tinyvec/tree/5ae3e523dd46392d45f929591889430d1438ae5e
tokio-rustls@0.26.5	LICENSE-APACHE	files/cc117d90b498b32b11a886f279b359da16a73c3b01efbb2f5cc004b20262334e-LICENSE-APACHE	cc117d90b498b32b11a886f279b359da16a73c3b01efbb2f5cc004b20262334e	Exact locked crate/package file; LF text
tokio-rustls@0.26.5	LICENSE-MIT	files/e20fa2b8e0a2565f24a792b94b4bf4b6c2b9d36f781d8a9516e218a036e6677a-LICENSE-MIT	e20fa2b8e0a2565f24a792b94b4bf4b6c2b9d36f781d8a9516e218a036e6677a	Exact locked crate/package file; LF text
tokio@1.53.1	LICENSE	files/253cd04c6714889df2d32f3f64d669179a1c95c76ac43c40882c52eb06bc3552-LICENSE	253cd04c6714889df2d32f3f64d669179a1c95c76ac43c40882c52eb06bc3552	Exact crate/package file or exact upstream commit evidence
toml_datetime@1.1.1+spec-1.1.0	LICENSE-APACHE	files/c6596eb7be8581c18be736c846fb9173b69eccf6ef94c5135893ec56bd92ba08-LICENSE-APACHE	c6596eb7be8581c18be736c846fb9173b69eccf6ef94c5135893ec56bd92ba08	Exact crate/package file or exact upstream commit evidence
toml_datetime@1.1.1+spec-1.1.0	LICENSE-MIT	files/6efb0476a1cc085077ed49357026d8c173bf33017278ef440f222fb9cbcb66e6-LICENSE-MIT	6efb0476a1cc085077ed49357026d8c173bf33017278ef440f222fb9cbcb66e6	Exact crate/package file or exact upstream commit evidence
toml_parser@1.1.3+spec-1.1.0	LICENSE-APACHE	files/c6596eb7be8581c18be736c846fb9173b69eccf6ef94c5135893ec56bd92ba08-LICENSE-APACHE	c6596eb7be8581c18be736c846fb9173b69eccf6ef94c5135893ec56bd92ba08	Exact crate/package file or exact upstream commit evidence
toml_parser@1.1.3+spec-1.1.0	LICENSE-MIT	files/6efb0476a1cc085077ed49357026d8c173bf33017278ef440f222fb9cbcb66e6-LICENSE-MIT	6efb0476a1cc085077ed49357026d8c173bf33017278ef440f222fb9cbcb66e6	Exact crate/package file or exact upstream commit evidence
toml_writer@1.1.2+spec-1.1.0	LICENSE-APACHE	files/c6596eb7be8581c18be736c846fb9173b69eccf6ef94c5135893ec56bd92ba08-LICENSE-APACHE	c6596eb7be8581c18be736c846fb9173b69eccf6ef94c5135893ec56bd92ba08	Exact crate/package file or exact upstream commit evidence
toml_writer@1.1.2+spec-1.1.0	LICENSE-MIT	files/6efb0476a1cc085077ed49357026d8c173bf33017278ef440f222fb9cbcb66e6-LICENSE-MIT	6efb0476a1cc085077ed49357026d8c173bf33017278ef440f222fb9cbcb66e6	Exact crate/package file or exact upstream commit evidence
toml@1.1.5+spec-1.1.0	LICENSE-APACHE	files/c6596eb7be8581c18be736c846fb9173b69eccf6ef94c5135893ec56bd92ba08-LICENSE-APACHE	c6596eb7be8581c18be736c846fb9173b69eccf6ef94c5135893ec56bd92ba08	Exact crate/package file or exact upstream commit evidence
toml@1.1.5+spec-1.1.0	LICENSE-MIT	files/6efb0476a1cc085077ed49357026d8c173bf33017278ef440f222fb9cbcb66e6-LICENSE-MIT	6efb0476a1cc085077ed49357026d8c173bf33017278ef440f222fb9cbcb66e6	Exact crate/package file or exact upstream commit evidence
tower-http@0.6.11	LICENSE	files/5049cf464977eff4b4fcfa7988d84e74116956a3eb9d5f1d451b3f828f945233-LICENSE	5049cf464977eff4b4fcfa7988d84e74116956a3eb9d5f1d451b3f828f945233	Exact crate/package file or exact upstream commit evidence
tower-layer@0.3.3	LICENSE	files/4249c8e6c5ebb85f97c77e6457c6fafc1066406eb8f1ef61e796fbdc5ff18482-LICENSE	4249c8e6c5ebb85f97c77e6457c6fafc1066406eb8f1ef61e796fbdc5ff18482	Exact locked crate/package file; private final PDB source/inline provenance; LF text
tower-service@0.3.3	LICENSE	files/4249c8e6c5ebb85f97c77e6457c6fafc1066406eb8f1ef61e796fbdc5ff18482-LICENSE	4249c8e6c5ebb85f97c77e6457c6fafc1066406eb8f1ef61e796fbdc5ff18482	Exact locked crate/package file; private final PDB source/inline provenance; LF text
tower@0.5.3	LICENSE	files/4249c8e6c5ebb85f97c77e6457c6fafc1066406eb8f1ef61e796fbdc5ff18482-LICENSE	4249c8e6c5ebb85f97c77e6457c6fafc1066406eb8f1ef61e796fbdc5ff18482	Exact crate/package file or exact upstream commit evidence
tracing-core@0.1.36	LICENSE	files/898b1ae9821e98daf8964c8d6c7f61641f5f5aa78ad500020771c0939ee0dea1-LICENSE	898b1ae9821e98daf8964c8d6c7f61641f5f5aa78ad500020771c0939ee0dea1	Exact crate/package file or exact upstream commit evidence
tracing@0.1.44	LICENSE	files/898b1ae9821e98daf8964c8d6c7f61641f5f5aa78ad500020771c0939ee0dea1-LICENSE	898b1ae9821e98daf8964c8d6c7f61641f5f5aa78ad500020771c0939ee0dea1	Exact crate/package file or exact upstream commit evidence
try-lock@0.2.5	LICENSE	files/c816a0749cdc6bf062a5111c159723de51b2bfac66a1dac2655abd9e6b1583eb-LICENSE	c816a0749cdc6bf062a5111c159723de51b2bfac66a1dac2655abd9e6b1583eb	Exact locked crate/package file; private final PDB source/inline provenance; LF text
typed-path@0.12.3	LICENSE-APACHE	files/62c7a1e35f56406896d7aa7ca52d0cc0d272ac022b5d2796e7d6905db8a3636a-LICENSE-APACHE	62c7a1e35f56406896d7aa7ca52d0cc0d272ac022b5d2796e7d6905db8a3636a	Exact locked upstream crate archive; https://github.com/chipsenkbeil/typed-path/tree/ec65f79eb1f61b0e11e70859b041a0a304c3a9ff
typed-path@0.12.3	LICENSE-MIT	files/23f18e03dc49df91622fe2a76176497404e46ced8a715d9d2b67a7446571cca3-LICENSE-MIT	23f18e03dc49df91622fe2a76176497404e46ced8a715d9d2b67a7446571cca3	Exact locked upstream crate archive; https://github.com/chipsenkbeil/typed-path/tree/ec65f79eb1f61b0e11e70859b041a0a304c3a9ff
unic-char-property@0.9.0	COPYRIGHT.md	files/f5c342c49f3ac804f3e8e7bb62a8040a44c50d47bb36902b1abd13f66a1adf8b-COPYRIGHT.md	f5c342c49f3ac804f3e8e7bb62a8040a44c50d47bb36902b1abd13f66a1adf8b	Exact shared upstream project license at 5878605364af97a3358368a6eaef02104af2e016; LF text
unic-char-property@0.9.0	LICENSE-APACHE	files/a60eea817514531668d7e00765731449fe14d059d3249e0bc93b36de45f759f2-LICENSE-APACHE	a60eea817514531668d7e00765731449fe14d059d3249e0bc93b36de45f759f2	Exact shared upstream project license at 5878605364af97a3358368a6eaef02104af2e016; LF text
unic-char-property@0.9.0	LICENSE-MIT	files/23f18e03dc49df91622fe2a76176497404e46ced8a715d9d2b67a7446571cca3-LICENSE-MIT	23f18e03dc49df91622fe2a76176497404e46ced8a715d9d2b67a7446571cca3	Exact shared upstream project license at 5878605364af97a3358368a6eaef02104af2e016; LF text
unic-char-range@0.9.0	AUTHORS	files/2748c1a1fba7616917c61d455e8d715ab952671ead63f2026ad0124410596b09-AUTHORS	2748c1a1fba7616917c61d455e8d715ab952671ead63f2026ad0124410596b09	Exact crate/package file or exact upstream commit evidence
unic-char-range@0.9.0	COPYRIGHT.md	files/f5c342c49f3ac804f3e8e7bb62a8040a44c50d47bb36902b1abd13f66a1adf8b-COPYRIGHT.md	f5c342c49f3ac804f3e8e7bb62a8040a44c50d47bb36902b1abd13f66a1adf8b	Exact crate/package file or exact upstream commit evidence
unic-char-range@0.9.0	LICENSE-APACHE	files/a60eea817514531668d7e00765731449fe14d059d3249e0bc93b36de45f759f2-LICENSE-APACHE	a60eea817514531668d7e00765731449fe14d059d3249e0bc93b36de45f759f2	Exact crate/package file or exact upstream commit evidence
unic-char-range@0.9.0	LICENSE-MIT	files/23f18e03dc49df91622fe2a76176497404e46ced8a715d9d2b67a7446571cca3-LICENSE-MIT	23f18e03dc49df91622fe2a76176497404e46ced8a715d9d2b67a7446571cca3	Exact crate/package file or exact upstream commit evidence
unic-ucd-ident@0.9.0	AUTHORS	files/2748c1a1fba7616917c61d455e8d715ab952671ead63f2026ad0124410596b09-AUTHORS	2748c1a1fba7616917c61d455e8d715ab952671ead63f2026ad0124410596b09	Exact crate/package file or exact upstream commit evidence
unic-ucd-ident@0.9.0	COPYRIGHT.md	files/f5c342c49f3ac804f3e8e7bb62a8040a44c50d47bb36902b1abd13f66a1adf8b-COPYRIGHT.md	f5c342c49f3ac804f3e8e7bb62a8040a44c50d47bb36902b1abd13f66a1adf8b	Exact crate/package file or exact upstream commit evidence
unic-ucd-ident@0.9.0	LICENSE-APACHE	files/a60eea817514531668d7e00765731449fe14d059d3249e0bc93b36de45f759f2-LICENSE-APACHE	a60eea817514531668d7e00765731449fe14d059d3249e0bc93b36de45f759f2	Exact crate/package file or exact upstream commit evidence
unic-ucd-ident@0.9.0	LICENSE-MIT	files/23f18e03dc49df91622fe2a76176497404e46ced8a715d9d2b67a7446571cca3-LICENSE-MIT	23f18e03dc49df91622fe2a76176497404e46ced8a715d9d2b67a7446571cca3	Exact crate/package file or exact upstream commit evidence
unicode-general-category@1.1.0	LICENSE	files/b40930bbcf80744c86c46a12bc9da056641d722716c378f5659b9e555ef833e1-LICENSE.Apache2	b40930bbcf80744c86c46a12bc9da056641d722716c378f5659b9e555ef833e1	Exact locked crate/package file; LF text
unicode-normalization@0.1.25	COPYRIGHT	files/23860c2a7b5d96b21569afedf033469bab9fe14a1b24a35068b8641c578ce24d-COPYRIGHT	23860c2a7b5d96b21569afedf033469bab9fe14a1b24a35068b8641c578ce24d	Exact locked upstream crate archive; https://github.com/unicode-rs/unicode-normalization/tree/5a69b3bafb625caccdec7871a42bed0d9a6604d1
unicode-normalization@0.1.25	LICENSE-APACHE	files/a60eea817514531668d7e00765731449fe14d059d3249e0bc93b36de45f759f2-LICENSE-APACHE	a60eea817514531668d7e00765731449fe14d059d3249e0bc93b36de45f759f2	Exact locked upstream crate archive; https://github.com/unicode-rs/unicode-normalization/tree/5a69b3bafb625caccdec7871a42bed0d9a6604d1
unicode-normalization@0.1.25	LICENSE-MIT	files/7b63ecd5f1902af1b63729947373683c32745c16a10e8e6292e2e2dcd7e90ae0-LICENSE-MIT	7b63ecd5f1902af1b63729947373683c32745c16a10e8e6292e2e2dcd7e90ae0	Exact locked upstream crate archive; https://github.com/unicode-rs/unicode-normalization/tree/5a69b3bafb625caccdec7871a42bed0d9a6604d1
unicode-segmentation@1.13.3	COPYRIGHT	files/23860c2a7b5d96b21569afedf033469bab9fe14a1b24a35068b8641c578ce24d-COPYRIGHT	23860c2a7b5d96b21569afedf033469bab9fe14a1b24a35068b8641c578ce24d	Exact locked crate/package file; LF text
unicode-segmentation@1.13.3	LICENSE-APACHE	files/a60eea817514531668d7e00765731449fe14d059d3249e0bc93b36de45f759f2-LICENSE-APACHE	a60eea817514531668d7e00765731449fe14d059d3249e0bc93b36de45f759f2	Exact locked crate/package file; LF text
unicode-segmentation@1.13.3	LICENSE-MIT	files/7b63ecd5f1902af1b63729947373683c32745c16a10e8e6292e2e2dcd7e90ae0-LICENSE-MIT	7b63ecd5f1902af1b63729947373683c32745c16a10e8e6292e2e2dcd7e90ae0	Exact locked crate/package file; LF text
untrusted@0.9.0	LICENSE.txt	files/7abd9b6960dcf7d4d0a48606a5b71bfe37d472db68d70637f3a58a56785f1621-LICENSE.txt	7abd9b6960dcf7d4d0a48606a5b71bfe37d472db68d70637f3a58a56785f1621	Exact crate/package file or exact upstream commit evidence
url@2.5.8	LICENSE-APACHE	files/a60eea817514531668d7e00765731449fe14d059d3249e0bc93b36de45f759f2-LICENSE-APACHE	a60eea817514531668d7e00765731449fe14d059d3249e0bc93b36de45f759f2	Exact crate/package file or exact upstream commit evidence
url@2.5.8	LICENSE-MIT	files/b38f11f6096706e6de553dabe2a7ed142d59b6fa8c97e290c67496154745cdd5-LICENSE-MIT	b38f11f6096706e6de553dabe2a7ed142d59b6fa8c97e290c67496154745cdd5	Exact crate/package file or exact upstream commit evidence
urlpattern@0.3.0	LICENSE	files/5cf1c9dc617e4cad7fa03181ff893601ad5243aa3be527ef39034e1cd6377676-LICENSE	5cf1c9dc617e4cad7fa03181ff893601ad5243aa3be527ef39034e1cd6377676	Exact crate/package file or exact upstream commit evidence
utf8_iter@1.0.4	COPYRIGHT	files/c30152c94a6d75e021adbc52b3a52470366a46edb917e17deae3259251af244c-COPYRIGHT	c30152c94a6d75e021adbc52b3a52470366a46edb917e17deae3259251af244c	Exact crate/package file or exact upstream commit evidence
utf8_iter@1.0.4	LICENSE-APACHE	files/cfc7749b96f63bd31c3c42b5c471bf756814053e847c10f3eb003417bc523d30-LICENSE-APACHE	cfc7749b96f63bd31c3c42b5c471bf756814053e847c10f3eb003417bc523d30	Exact crate/package file or exact upstream commit evidence
utf8_iter@1.0.4	LICENSE-MIT	files/3fa4ca83dcc9237839b1bdeb2e6d16bdfb5ec0c5ce42b24694d8bbf0dcbef72c-LICENSE-MIT	3fa4ca83dcc9237839b1bdeb2e6d16bdfb5ec0c5ce42b24694d8bbf0dcbef72c	Exact crate/package file or exact upstream commit evidence
uuid-simd@0.8.0	LICENSE	files/14e66de892a0e218a4d60b2cc41a17a28080c46621d812fa2471983d8c524748-LICENSE	14e66de892a0e218a4d60b2cc41a17a28080c46621d812fa2471983d8c524748	Exact shared upstream project license at d74c030d9dc4f3cae02146d1f497ff62726ef09a; LF text
uuid@1.26.0	LICENSE-APACHE	files/a60eea817514531668d7e00765731449fe14d059d3249e0bc93b36de45f759f2-LICENSE-APACHE	a60eea817514531668d7e00765731449fe14d059d3249e0bc93b36de45f759f2	Exact crate/package file or exact upstream commit evidence
uuid@1.26.0	LICENSE-MIT	files/436bc5a105d8e57dcd8778730f3754f7bf39c14d2f530e4cde4bd2d17a83ec3d-LICENSE-MIT	436bc5a105d8e57dcd8778730f3754f7bf39c14d2f530e4cde4bd2d17a83ec3d	Exact crate/package file or exact upstream commit evidence
vite@8.2.2	VITE-CORE-LICENSE.txt	files/e373c2e74cd342b9e74d0b8813a8fddf3c9788515669a79c2ac238195673d38b-VITE-CORE-LICENSE.txt	e373c2e74cd342b9e74d0b8813a8fddf3c9788515669a79c2ac238195673d38b	Original locked package license; actual retained generated frontend module evidence
vsimd@0.8.0	LICENSE	files/14e66de892a0e218a4d60b2cc41a17a28080c46621d812fa2471983d8c524748-LICENSE	14e66de892a0e218a4d60b2cc41a17a28080c46621d812fa2471983d8c524748	Exact shared upstream project license at d74c030d9dc4f3cae02146d1f497ff62726ef09a; LF text
walkdir@2.5.0	COPYING	files/01c266bced4a434da0051174d6bee16a4c82cf634e2679b6155d40d75012390f-COPYING	01c266bced4a434da0051174d6bee16a4c82cf634e2679b6155d40d75012390f	Exact crate/package file or exact upstream commit evidence
walkdir@2.5.0	LICENSE-MIT	files/0f96a83840e146e43c0ec96a22ec1f392e0680e6c1226e6f3ba87e0740af850f-LICENSE-MIT	0f96a83840e146e43c0ec96a22ec1f392e0680e6c1226e6f3ba87e0740af850f	Exact crate/package file or exact upstream commit evidence
want@0.3.1	LICENSE	files/a65f5d0a945d267751344c95665945b90c030ea107faf5c85d518929886187da-LICENSE	a65f5d0a945d267751344c95665945b90c030ea107faf5c85d518929886187da	Exact crate/package file or exact upstream commit evidence
webview2-com-sys@0.38.2	LICENSE-MIT	files/0dcf41516e608bbcb6cdc5229feb7b86fe4a643b85e7df251133c93408fdac73-LICENSE-MIT	0dcf41516e608bbcb6cdc5229feb7b86fe4a643b85e7df251133c93408fdac73	Exact shared upstream project license at b74dc5e2b394044bea5191052868ce7a106c202c
webview2-com@0.38.2	LICENSE-MIT	files/0dcf41516e608bbcb6cdc5229feb7b86fe4a643b85e7df251133c93408fdac73-LICENSE-MIT	0dcf41516e608bbcb6cdc5229feb7b86fe4a643b85e7df251133c93408fdac73	Exact upstream commit b74dc5e2b394044bea5191052868ce7a106c202c; LF text
WebView2Loader@1.0.3650.58	WEBVIEW2-SDK-1.0.3650.58-LICENSE.txt	files/324083bf015092054be9d5851dafa1b79cbfab3331ff983476d502839515d8bb-WEBVIEW2-SDK-1.0.3650.58-LICENSE.txt	324083bf015092054be9d5851dafa1b79cbfab3331ff983476d502839515d8bb	Exact Microsoft.Web.WebView2 1.0.3650.58 package LICENSE.txt; LF text
winapi-util@0.1.11	COPYING	files/01c266bced4a434da0051174d6bee16a4c82cf634e2679b6155d40d75012390f-COPYING	01c266bced4a434da0051174d6bee16a4c82cf634e2679b6155d40d75012390f	Exact locked crate/package file; private final PDB source/inline provenance; LF text
winapi-util@0.1.11	LICENSE-MIT	files/cb3c929a05e6cbc9de9ab06a4c57eeb60ca8c724bef6c138c87d3a577e27aa14-LICENSE-MIT	cb3c929a05e6cbc9de9ab06a4c57eeb60ca8c724bef6c138c87d3a577e27aa14	Exact locked crate/package file; private final PDB source/inline provenance; LF text
window-vibrancy@0.6.0	LICENSE-APACHE	files/a60eea817514531668d7e00765731449fe14d059d3249e0bc93b36de45f759f2-LICENSE-APACHE	a60eea817514531668d7e00765731449fe14d059d3249e0bc93b36de45f759f2	Exact crate/package file or exact upstream commit evidence
window-vibrancy@0.6.0	LICENSE-MIT	files/617b85f62a4f1b6a62d3d9f28f6d7003b7f68a70b7675a8174bbcc68401ac62d-LICENSE-MIT	617b85f62a4f1b6a62d3d9f28f6d7003b7f68a70b7675a8174bbcc68401ac62d	Exact crate/package file or exact upstream commit evidence
window-vibrancy@0.6.0	LICENSE.spdx	files/7ccef0d35e8507fa02d7e904a5277d62723f9ec576d52f6a865cab7b4dbf12ad-LICENSE.spdx	7ccef0d35e8507fa02d7e904a5277d62723f9ec576d52f6a865cab7b4dbf12ad	Exact crate/package file or exact upstream commit evidence
windows_x86_64_msvc@0.53.1	license-apache-2.0	files/c16f8dcf1a368b83be78d826ea23de4079fe1b4469a0ab9ee20563f37ff3d44b-license-apache-2.0	c16f8dcf1a368b83be78d826ea23de4079fe1b4469a0ab9ee20563f37ff3d44b	Exact locked crate/package file; private final PDB source/inline provenance; LF text
windows_x86_64_msvc@0.53.1	license-mit	files/c2cfccb812fe482101a8f04597dfc5a9991a6b2748266c47ac91b6a5aae15383-license-mit	c2cfccb812fe482101a8f04597dfc5a9991a6b2748266c47ac91b6a5aae15383	Exact locked crate/package file; private final PDB source/inline provenance; LF text
windows-core@0.61.2	license-apache-2.0	files/c16f8dcf1a368b83be78d826ea23de4079fe1b4469a0ab9ee20563f37ff3d44b-license-apache-2.0	c16f8dcf1a368b83be78d826ea23de4079fe1b4469a0ab9ee20563f37ff3d44b	Exact locked crate/package file; LF text
windows-core@0.61.2	license-mit	files/c2cfccb812fe482101a8f04597dfc5a9991a6b2748266c47ac91b6a5aae15383-license-mit	c2cfccb812fe482101a8f04597dfc5a9991a6b2748266c47ac91b6a5aae15383	Exact locked crate/package file; LF text
windows-result@0.3.4	license-apache-2.0	files/c16f8dcf1a368b83be78d826ea23de4079fe1b4469a0ab9ee20563f37ff3d44b-license-apache-2.0	c16f8dcf1a368b83be78d826ea23de4079fe1b4469a0ab9ee20563f37ff3d44b	Exact locked crate/package file; private final PDB source/inline provenance; LF text
windows-result@0.3.4	license-mit	files/c2cfccb812fe482101a8f04597dfc5a9991a6b2748266c47ac91b6a5aae15383-license-mit	c2cfccb812fe482101a8f04597dfc5a9991a6b2748266c47ac91b6a5aae15383	Exact locked crate/package file; private final PDB source/inline provenance; LF text
windows-strings@0.4.2	license-apache-2.0	files/c16f8dcf1a368b83be78d826ea23de4079fe1b4469a0ab9ee20563f37ff3d44b-license-apache-2.0	c16f8dcf1a368b83be78d826ea23de4079fe1b4469a0ab9ee20563f37ff3d44b	Exact locked crate/package file; LF text
windows-strings@0.4.2	license-mit	files/c2cfccb812fe482101a8f04597dfc5a9991a6b2748266c47ac91b6a5aae15383-license-mit	c2cfccb812fe482101a8f04597dfc5a9991a6b2748266c47ac91b6a5aae15383	Exact locked crate/package file; LF text
windows-sys@0.61.2	license-apache-2.0	files/c16f8dcf1a368b83be78d826ea23de4079fe1b4469a0ab9ee20563f37ff3d44b-license-apache-2.0	c16f8dcf1a368b83be78d826ea23de4079fe1b4469a0ab9ee20563f37ff3d44b	Exact locked crate/package file; private final PDB source/inline provenance; LF text
windows-sys@0.61.2	license-mit	files/c2cfccb812fe482101a8f04597dfc5a9991a6b2748266c47ac91b6a5aae15383-license-mit	c2cfccb812fe482101a8f04597dfc5a9991a6b2748266c47ac91b6a5aae15383	Exact locked crate/package file; private final PDB source/inline provenance; LF text
windows-version@0.1.7	license-apache-2.0	files/c16f8dcf1a368b83be78d826ea23de4079fe1b4469a0ab9ee20563f37ff3d44b-license-apache-2.0	c16f8dcf1a368b83be78d826ea23de4079fe1b4469a0ab9ee20563f37ff3d44b	Exact locked crate/package file; private final PDB source/inline provenance; LF text
windows-version@0.1.7	license-mit	files/c2cfccb812fe482101a8f04597dfc5a9991a6b2748266c47ac91b6a5aae15383-license-mit	c2cfccb812fe482101a8f04597dfc5a9991a6b2748266c47ac91b6a5aae15383	Exact locked crate/package file; private final PDB source/inline provenance; LF text
windows@0.61.3	license-apache-2.0	files/c16f8dcf1a368b83be78d826ea23de4079fe1b4469a0ab9ee20563f37ff3d44b-license-apache-2.0	c16f8dcf1a368b83be78d826ea23de4079fe1b4469a0ab9ee20563f37ff3d44b	Exact locked crate/package file; LF text
windows@0.61.3	license-mit	files/c2cfccb812fe482101a8f04597dfc5a9991a6b2748266c47ac91b6a5aae15383-license-mit	c2cfccb812fe482101a8f04597dfc5a9991a6b2748266c47ac91b6a5aae15383	Exact locked crate/package file; LF text
winnow@1.0.4	LICENSE-MIT	files/cb5aedb296c5246d1f22e9099f925a65146f9f0d6b4eebba97fd27a6cdbbab2d-LICENSE-MIT	cb5aedb296c5246d1f22e9099f925a65146f9f0d6b4eebba97fd27a6cdbbab2d	Exact crate/package file or exact upstream commit evidence
writeable@0.6.4	LICENSE	files/f367c1b8e1aa262435251e442901da4607b4650e0e63a026f5044473ecfb90f2-LICENSE	f367c1b8e1aa262435251e442901da4607b4650e0e63a026f5044473ecfb90f2	Exact locked crate/package file; private final PDB source/inline provenance; LF text
wry@0.55.1	LICENSE-APACHE	files/a60eea817514531668d7e00765731449fe14d059d3249e0bc93b36de45f759f2-LICENSE-APACHE	a60eea817514531668d7e00765731449fe14d059d3249e0bc93b36de45f759f2	Exact crate/package file or exact upstream commit evidence
wry@0.55.1	LICENSE-MIT	files/ef88893533af22ffbb68ceef0724ba1389518df26165a34f3c99ad30b884df4f-LICENSE-MIT	ef88893533af22ffbb68ceef0724ba1389518df26165a34f3c99ad30b884df4f	Exact crate/package file or exact upstream commit evidence
wry@0.55.1	LICENSE.spdx	files/26235c41e314fb0da35b33b2bb5bcbc4dd523839f8eeca52efcd43586f441fb5-LICENSE.spdx	26235c41e314fb0da35b33b2bb5bcbc4dd523839f8eeca52efcd43586f441fb5	Exact crate/package file or exact upstream commit evidence
yoke@0.8.3	LICENSE	files/f367c1b8e1aa262435251e442901da4607b4650e0e63a026f5044473ecfb90f2-LICENSE	f367c1b8e1aa262435251e442901da4607b4650e0e63a026f5044473ecfb90f2	Exact crate/package file or exact upstream commit evidence
zeroize@1.9.0	LICENSE-APACHE	files/cfc7749b96f63bd31c3c42b5c471bf756814053e847c10f3eb003417bc523d30-LICENSE-APACHE	cfc7749b96f63bd31c3c42b5c471bf756814053e847c10f3eb003417bc523d30	Exact locked crate/package file; private final PDB source/inline provenance; LF text
zeroize@1.9.0	LICENSE-MIT	files/8c7516d4b27b1e495be5e38b612298b63de48d05f49cdac94f70f3cd70f8864b-LICENSE-MIT	8c7516d4b27b1e495be5e38b612298b63de48d05f49cdac94f70f3cd70f8864b	Exact locked crate/package file; private final PDB source/inline provenance; LF text
zerotrie@0.2.5	LICENSE	files/f367c1b8e1aa262435251e442901da4607b4650e0e63a026f5044473ecfb90f2-LICENSE	f367c1b8e1aa262435251e442901da4607b4650e0e63a026f5044473ecfb90f2	Exact crate/package file or exact upstream commit evidence
zerovec@0.11.8	LICENSE	files/f367c1b8e1aa262435251e442901da4607b4650e0e63a026f5044473ecfb90f2-LICENSE	f367c1b8e1aa262435251e442901da4607b4650e0e63a026f5044473ecfb90f2	Exact locked crate/package file; private final PDB source/inline provenance; LF text
zip@8.6.0	LICENSE	files/58545fed1565e42d687aecec6897d35c6d37ccb71479a137c0deb2203e125c79-LICENSE	58545fed1565e42d687aecec6897d35c6d37ccb71479a137c0deb2203e125c79	Exact locked upstream crate archive; https://github.com/zip-rs/zip2/tree/771dfc534d2614158af5497ea3dff4d4208d7db1
zmij@1.0.23	LICENSE-MIT	files/23f18e03dc49df91622fe2a76176497404e46ced8a715d9d2b67a7446571cca3-LICENSE-MIT	23f18e03dc49df91622fe2a76176497404e46ced8a715d9d2b67a7446571cca3	Exact crate/package file or exact upstream commit evidence
zod@4.5.4	LICENSE	files/3f1189b28e3866e0d979968d466b78f813f76827cfdca1fbb124cc0a5c8841f8-LICENSE	3f1189b28e3866e0d979968d466b78f813f76827cfdca1fbb124cc0a5c8841f8	Exact crate/package file or exact upstream commit evidence
zune-core@0.5.3	LICENSE-APACHE	files/c71d239df91726fc519c6eb72d318ec65820627232b2f796219e87dcf35d0ab4-LICENSE-APACHE	c71d239df91726fc519c6eb72d318ec65820627232b2f796219e87dcf35d0ab4	Exact crate package file
zune-core@0.5.3	LICENSE-MIT	files/d30047bca3b516639339a3c279bb84c3483124fb5a9dafe3c75056a85090e745-LICENSE-MIT	d30047bca3b516639339a3c279bb84c3483124fb5a9dafe3c75056a85090e745	Exact crate package file
zune-core@0.5.3	LICENSE-ZLIB	files/d201d14804d3bcd3b944147173175e4abfbd838b7c8069b6bd3452496bf13e6c-LICENSE-ZLIB	d201d14804d3bcd3b944147173175e4abfbd838b7c8069b6bd3452496bf13e6c	Exact crate package file
zune-jpeg@0.5.15	LICENSE-APACHE	files/c71d239df91726fc519c6eb72d318ec65820627232b2f796219e87dcf35d0ab4-LICENSE-APACHE	c71d239df91726fc519c6eb72d318ec65820627232b2f796219e87dcf35d0ab4	Exact crate package file
zune-jpeg@0.5.15	LICENSE-MIT	files/d30047bca3b516639339a3c279bb84c3483124fb5a9dafe3c75056a85090e745-LICENSE-MIT	d30047bca3b516639339a3c279bb84c3483124fb5a9dafe3c75056a85090e745	Exact crate package file
zune-jpeg@0.5.15	LICENSE-ZLIB	files/d201d14804d3bcd3b944147173175e4abfbd838b7c8069b6bd3452496bf13e6c-LICENSE-ZLIB	d201d14804d3bcd3b944147173175e4abfbd838b7c8069b6bd3452496bf13e6c	Exact crate package file
